text,label,id,key
鲍勃库西奖归谁属？ NCAA最强控卫是坎巴还是弗神新浪体育讯如今，本赛季的NCAA进入到了末段，各项奖项的评选结果也即将出炉，其中评选最佳控卫的鲍勃-库西奖就将在下周最终四强战时公布，鲍勃-库西奖是由奈史密斯篮球名人堂提供，旨在奖励年度最佳大学控卫。最终获奖的球员也即将在以下几名热门人选中产生。〈〈〈 NCAA疯狂三月专题主页上线，点击链接查看精彩内容吉梅尔-弗雷戴特，杨百翰大学“弗神”吉梅尔-弗雷戴特一直都备受关注，他不仅仅是一名射手，他会用“终结对手脚踝”一样的变向过掉面前的防守者，并且他可以用任意一支手完成得分，如果他被犯规了，可以提前把这两份划入他的帐下了，因为他是一名命中率高达90%的罚球手。弗雷戴特具有所有伟大控卫都具备的一点特质，他是一位赢家也是一位领导者。“他整个赛季至始至终的稳定领导着球队前进，这是无可比拟的。”杨百翰大学主教练戴夫-罗斯称赞道，“他的得分能力毋庸置疑，但是我认为他带领球队获胜的能力才是他最重要的控卫职责。我们在主场之外的比赛(客场或中立场)共取胜19场，他都表现的很棒。”弗雷戴特能否在NBA取得成功？当然，但是有很多专业人士比我们更有资格去做出这样的判断。“我喜爱他。”凯尔特人主教练多克-里弗斯说道，“他很棒，我看过ESPN的片段剪辑，从剪辑来看，他是个超级巨星，我认为他很成为一名优秀的NBA球员。”诺兰-史密斯，杜克大学当赛季初，球队宣布大一天才控卫凯瑞-厄尔文因脚趾的伤病缺席赛季大部分比赛后，诺兰-史密斯便开始接管球权，他在进攻端上足发条，在ACC联盟(杜克大学所在分区)的得分榜上名列前茅，但同时他在分区助攻榜上也占据头名，这在众强林立的ACC联盟前无古人。“我不认为全美有其他的球员能在凯瑞-厄尔文受伤后，如此好的接管球队，并且之前毫无准备。”杜克主教练迈克-沙舍夫斯基赞扬道，“他会将比赛带入自己的节奏，得分，组织，领导球队，无所不能。而且他现在是攻防俱佳，对持球人的防守很有提高。总之他拥有了辉煌的赛季。”坎巴-沃克，康涅狄格大学坎巴-沃克带领康涅狄格在赛季初的毛伊岛邀请赛一路力克密歇根州大和肯塔基等队夺冠，他场均30分4助攻得到最佳球员。在大东赛区锦标赛和全国锦标赛中，他场均27.1分，6.1个篮板，5.1次助攻，依旧如此给力。他以疯狂的表现开始这个赛季，也将以疯狂的表现结束这个赛季。“我们在全国锦标赛中前进着，并且之前曾经5天连赢5场，赢得了大东赛区锦标赛的冠军，这些都归功于坎巴-沃克。”康涅狄格大学主教练吉姆-卡洪称赞道，“他是一名纯正的控卫而且能为我们得分，他有过单场42分，有过单场17助攻，也有过单场15篮板。这些都是一名6英尺175镑的球员所完成的啊！我们有很多好球员，但他才是最好的领导者，为球队所做的贡献也是最大。”乔丹-泰勒，威斯康辛大学全美没有一个持球者能像乔丹-泰勒一样很少失误，他4.26的助攻失误在全美遥遥领先，在大十赛区的比赛中，他平均35.8分钟才会有一次失误。他还是名很出色的得分手，全场砍下39分击败印第安纳大学的比赛就是最好的证明，其中下半场他曾经连拿18分。“那个夜晚他证明自己值得首轮顺位。”当时的见证者印第安纳大学主教练汤姆-克雷恩说道。“对一名控卫的所有要求不过是领导球队、使球队变的更好、带领球队成功，乔丹-泰勒全做到了。”威斯康辛教练博-莱恩说道。诺里斯-科尔，克利夫兰州大诺里斯-科尔的草根传奇正在上演，默默无闻的他被克利夫兰州大招募后便开始刻苦地训练，去年夏天他曾加练上千次跳投，来提高这个可能的弱点。他在本赛季与杨斯顿州大的比赛中得到40分20篮板和9次助攻，在他之前，过去15年只有一位球员曾经在NCAA一级联盟做到过40+20，他的名字是布雷克-格里芬。“他可以很轻松地防下对方王牌。”克利夫兰州大主教练加里-沃特斯如此称赞自己的弟子，“同时他还能得分，并为球队助攻，他几乎能做到一个成功的团队所有需要的事。”这其中四名球员都带领自己的球队进入到了甜蜜16强，虽然有3个球员和他们各自的球队被挡在8强的大门之外，但是他们已经表现的足够出色，不远的将来他们很可能出现在一所你熟悉的NBA球馆里。(clay),体育,0,大学 控卫 球队 主教练 球员 带领 锦标赛 助攻 领导 赛区
麦基砍28+18+5却充满寂寞 纪录之夜他的痛阿联最懂新浪体育讯上天对每个人都是公平的，贾维尔-麦基也不例外。今天华盛顿奇才客场104-114负于金州勇士，麦基就好不容易等到“捏软柿子”的机会，上半场打出现象级表现，只可惜无法一以贯之。最终，麦基12投9中，得到生涯最高的28分，以及平生涯最佳的18个篮板，另有5次封盖。此外，他11次罚球命中10个，这两项也均为生涯最高。如果在赛前搞个竞猜，上半场谁会是奇才阵中罚球次数最多的球员？若有人答曰“麦基”，不是恶搞就是脑残。但半场结束，麦基竟砍下22分(第二节砍下14分)。更罕见的，则是他仅出手7次，罚球倒是有11次，并命中了其中的10次。此外，他还抢下11个篮板，和勇士首发五虎总篮板数持平；他还送出3次盖帽，竟然比勇士全队上半场的盖帽总数还多1次！麦基为奇才带来了什么？除了得分方面异军突起，在罚球线上杀伤对手，率队紧咬住比分，用封盖威慑对手外，他在篮板上的贡献最为关键。众所周知，篮板就是勇士的生命线。3月3日的那次交锋前，时任代理主帅的兰迪-惠特曼在赛前甚至给沃尔和尼克-杨二人下达“篮板不少于10个”的硬性指标。惠特曼没疯，他深知守住了篮板阵地，就如同扼住了勇士的咽喉。上次交锋拿下16个篮板的大卫-李就说：“称霸篮板我们取胜希望就大些。我投中多少球无所谓，但我一定要保护篮板”。最终，勇士总篮板数以54-40领先。但今天，半场结束麦基却让李仅有5个篮板进账。造成这种局面的关键因素是身高。在2.11米的安德里斯-比德林斯伤停后，勇士内线也更为迷你。李2.06米，弗拉迪米尔-拉德马诺维奇2.08米，艾派-乌杜2.08米，路易斯-阿蒙德森2.06米。由此，2.13米又弹跳出众的麦基也就有些鹤立鸡群了。翻开本赛季中锋篮板效率榜，比德林斯位居第13位，麦基第20，李则是第31。可惜，麦基出彩不但超出了勇士预期，也超出了奇才预期，注定不可长久。第三节李砍下12分，全场26投15中砍下33分12个篮板5次助攻，麦基的防守不利则被放大。2分11秒，奇才失误，蒙塔-埃利斯带球直冲篮下，面对麦基的防守，他华丽的篮下360度转身上篮命中。全场掌声雷动下，麦基的身影却无比落寞。下半场麦基有多困顿？篮板被对方追上，全场勇士篮板仅落后2个；上半场拉风的罚球，在下半场竟然一次也没有。和阿联此役先扬后抑的表现如出一辙，麦基也吃尽了奇才内线缺兵少将的苦头。(魑魅),体育,1,勇士 篮板 奇才 罚球 预期 生涯 全场 超出 交锋 下半场
黄蜂vs湖人首发：科比冲击七连胜 火箭两旧将登场新浪体育讯北京时间3月28日，NBA常规赛洛杉矶湖人主场迎战新奥尔良黄蜂，赛前双方也公布了首发阵容：点击进入新浪体育视频直播室点击进入新浪体育图文直播室点击进入新浪体育NBA专题点击进入新浪NBA官方微博双方首发阵容：湖人队：德里克-费舍尔、科比-布莱恩特、罗恩-阿泰斯特、保罗-加索尔、安德鲁-拜纳姆黄蜂队：克里斯-保罗、马科-贝里内利、特雷沃-阿里扎、卡尔-兰德里、埃梅卡-奥卡福(新浪体育),体育,2,点击 体育 直播室 首发 新浪 湖人 阵容 图文 黄蜂队 官方
双面谢亚龙作秀终成做作 谁来为低劣行政能力埋单是谁任命了谢亚龙？谁放纵了谢亚龙？谁又该为谢亚龙、南勇们的倒掉负责？文/陈鹏“南勇进去了，谢亚龙还会远吗？”一语成谶，中国足坛的扫赌反黑风暴终于让谨小慎微、平庸“低调”的前足协掌门人谢亚龙“落网”，同时被立案侦查的还有原国足领队蔚少辉、原技术部主任李冬生。这场空前的风暴或许还将延续，谢亚龙的倒掉也再次见证中国足协难以洗刷的“体制原罪”。人们由衷期待中国足球的浴火重生、否极泰来。作秀与做作谢亚龙“过分低调”？不然，与其说低调不如说是对媒体的本能漠视和反感。笔者曾在2008年国足、国奥昆明海埂集训期间与谢亚龙偶遇，采访要求立即遭到谢极不耐烦的拒绝，“不说了不说了，我说什么说？有事你找领队！”在笔者多次采访国足的经历中，谢亚龙总给人诡异冷淡的印象，这也是不少媒体对谢亚龙的一贯感觉。唯一的例外，是笔者参与2007年男足亚洲杯报道赴吉隆坡、中国队小组赛0:3败给乌兹别克斯坦队未能从小组出线一役之后，谢亚龙主动凑到记者面前，“我说两句吧，我想起了吉鸿昌先生的一首诗，恨不抗日死，留作今日羞，国破尚如此，我何惜此头？”此诗一出，一片哗然——无论如何，中国队的丑陋死亡如何能与民族英雄吉鸿昌的慷慨悲歌相提并论？谢亚龙并非无名之辈，短跑出身的他历任北京体育大学副校长、国家体委群体司司长，田径运动管理中心主任、体育科研所副所长。期间，曾严查中国田径界兴奋剂问题，著名的马家军因此受到冲击。2002年，谢亚龙挂职陕西省安康市委副书记，2004年调回体育总局任电子信息中心党委书记；2005年，谢亚龙入主足协。但在他任职的3年内，中国男女足均出现前所未有的大滑坡，如男足止步亚洲杯小组赛、无缘世界杯亚洲区十强赛，女足止步世界杯、奥运会八强，甚至青少年比赛也一败涂地，国少、国青的亚洲区赛事纷纷出现“史上最差”。日前浙江省反黑斗士陈培德爆料，当年谢亚龙是主动请缨前往足协的，但履职后却对媒体诉苦，称自己从未想过要来足协，而是“组织安排，只能服从”。此举足见谢亚龙为人的“两面”；作为当年国家体委主任伍绍祖的秘书，这位不善业务的门外汉很快以低调甚至胆小的风格示人，但也时常按捺不住地蹦到前台，如在2008年国足备战世界杯前，他就喜欢在球队训练前后走上球场溜达，接受记者、球迷的啧啧嘘声；因对福拉多缺乏信心，很快在国足祭出世界罕见的“双头制”——同时起用杜伊、福拉多共同执掌，直接为国足的世预赛惨败埋下祸根；当国奥出师不利，谢又架空杜伊，拉来殷铁生救火，如此“失魂落魄”的球队怎么可能取得佳绩？一些惊世“名言”是谢亚龙不时作秀的佐证，如杜伊率国奥队在土伦杯上拿到亚军后，谢立即说，“让我们用热烈的掌声感谢杜伊，他就是国奥队的战神！”国奥队备战关口，谢亚龙要求杜伊按其要求加量，“我是非常专业的训练专家，我有科技部颁发的证书！”国足世预赛天津主场不敌卡塔尔，无缘亚洲十强赛，谢亚龙援引周总理的“生死态度”鼓励球队打好最后两场比赛：“即使死也要死得有气势一些！”最著名的当属中国女足不敌日本、无缘奥运会四强后，谢亚龙在总结会上指出中国女足最需要训练“叉腰肌”，迄今，人们还是无法找到这块肌肉到底在哪里。不合时宜的作秀终显做作，这种表现欲被一再放大为谢亚龙对中国足球的盲目乐观或盲目悲观，他似乎总是缺乏一位掌门人应有的清晰思路和价值判断，也因此成为中国足球2006～2008年间最腐败无能、最孱弱无力的诡异缩影。2007年后，谢亚龙现身任何球场，都会听到震耳欲聋的“谢亚龙下课”之声，而这位掌门人(笔者曾在奥运会现场亲见)却充耳不闻，任一丝牵强的微笑渐渐在嘴角冻结。谁的“足协”南勇之后，谢亚龙原本被外界猜测为“庸而不贪”，但随着谢、蔚、李三人被立案侦查，谢亚龙任期内经手的几件大事成为焦点——一、将中国之队原来的“开发商”——亚足联开发公司更换为盈方集团，其理由是盈方赞助费比亚足联开发公司多出200万美元。谢亚龙的提议一度遭到足协中层的反对，认为为了区区200万美元得罪亚足联实在不划算。果然，在之后的世界杯预选赛和亚洲杯小组赛，中国队连连“遭遇”死亡之组，亚洲杯丑陋铩羽、世预赛再次没能跻身十强赛，中国队屡屡不被裁判“待见”，不能不说与谢亚龙当初忽悠亚足联有关。谢亚龙究竟有没有从中收取好处？二、爱福克斯赞助中超联赛的悬案。在许多人看来，爱福克斯赞助中超联赛是南勇一手操办，但当时南勇的顶头上司是谢亚龙，在6000多万元赞助款没到账的情况下，经纪人却提前拿走巨额佣金，该案最终不了了之，其间，谢亚龙是否起到关键作用？三、2008年东亚四强赛期间，谢亚龙是否利用职务之便获取了一定利益？四、据传，国家队设立小金库，贿赂裁判、对手，同时向教练、教练向运动员收取“黑金”，是否与谢亚龙有莫大干系？谢亚龙任上重用的“四哥”蔚少辉出事似乎顺理成章。笔者在昆明采访国足集训期间，经常目睹蔚领队大声喝骂队员，架子比主教练福拉多、杜伊有过之而无不及；他任职期间，中国队前后多达百人入选。外界早有传言，俱乐部球员要进国家队就必须给蔚少辉等人送门槛费；“四哥”穿名牌、戴名表大多不需要自己掏腰包，只要授意自己的主力即可；中国队世预赛客场击败澳大利亚队后，蔚领队居然率领队员高喊“杜伊，傻×”，原因是杜伊没按照他的“推荐”安排位置；相比之下，担任过裁委会主任的李冬生则是各家俱乐部纷纷觊觎的目标，因为他不仅直接分配裁判，还能直接“告知”裁判应如何执法，他也被认为是职业联赛执法“最黑暗时期”的幕后推手。从范广鸣到吕锋、邵文忠，从南勇、杨一民、张建强到谢亚龙、蔚少辉、李冬生，中国足坛“大鱼”的纷纷落网勾勒出中国足球几年间的丑陋嘴脸和恶劣生态。最让人不解的是：谢亚龙上任3年来更换了8名国字号球队教练，换来的是男足连续输掉亚洲杯、世界杯和奥运会，女足则陷入从裴恩才到多曼斯基、从伊丽莎白到商瑞华的空前混乱期——谢亚龙履职期间的中国足球跌至冰点，频繁的人事漩涡加剧了内耗、豪赌世界杯奥运会、青少年足球被一再忽略、聘请的外籍教练都是廉价货色、完全没有长远规划……这批让中国男足排名从70多位跌至百位开外的足球官员竟不被问责，被全场高呼下课的足协掌门人去职之后竟能悠然前往中体公司任年薪百万的董事长。没有人为中国足协低劣的行政能力埋单，没有人为这两支耗费了大量纳税人的血汗钱的球队负责。以行政权力掌控了巨大市场资源的中国足协，在获得体制内外的双重保障之后，他们所领导的项目成绩却与其所享用的资源严重背离，所耗费的巨大投入得到的低级产出实在令人匪夷所思。当2006年意大利足坛爆出“电话门”(打假球)丑闻，足协主席立即引咎辞职，英格兰主帅埃里克森进了小报记者的圈套，英足总也赶紧交出辞职信；但在中国，1994年开展职业联赛以来的历次惨败、换帅、内乱统统只与球员、教练、俱乐部有关，却唯独与足协无关；无论各级国字号球队输得多惨、多难看、多丢脸，身为中国足球最高领导的足协官员们却超然物外、依然故我。谢亚龙等人落网后再次让人聚焦中国足协这一横跨官方与民间的怪胎，很多人似乎对谢亚龙颇感同情，认为他的悲剧是体制催生的“恶之花”，任何人“一肩三挑”(足协专职副主席兼足管中心主任、中超公司董事长)都难免“落马”，中国足协不过将中国诸多领域内权力失控的困境再次放大了，顶多是体制原罪的又一个突出版本。但人们不禁要问：是谁任命了谢亚龙？谁放纵了谢亚龙？谁又该为谢亚龙、南勇们的倒掉负责？中国足球能否“浴火重生”从王俊生、阎世铎到已经跌倒的南勇、谢亚龙，他们既是体制的推动者，更是体制的牺牲品，已逐渐淡出人们视线的谢亚龙的“罪与罚”更与现行体制无法剥离。韦迪上任之后，退无可退、输无可输的中国足球何妨推倒重来？实现体制突破亟需解决好四大疑难：首先应解决中国足协与足管中心一套人马两块牌子的现状。“行政足球”的干预使足协很难充分发挥它的民间组织职能，导致中国足球长期以来唯成绩论、唯政绩论，急功近利、忽略建设。作为市场化程度最高的运动项目，中国足球到了将市场化改革进行到底的时候了。其次急需完善法律监管机制。既要对足协的各项工作进行监督，也要对俱乐部运作、管理方式、球员行为进行监督，否则中国足球联赛仍将是假赌黑的温床、球员依然是缺乏保障的弱势群体，抓进再多“大鱼”也无法铲除腐败。再有，中国足球必须改变现有的竞训模式，青少年足球应当作为与联赛平行的一翼得到长足发展，应尊重足球运动的规律，扎扎实实培养后备人才。只有全力抓好各年龄层次的训练和比赛，才可能塑造中国足球的未来。同时，中国足球的市场化联赛机制需要不断完善，这就要求尊重投资人的热情与利益，共同建设与呵护良好的市场秩序，使联赛真正成为国家队的大后方和大本营。如今，反赌扫黑风暴正以摧枯拉朽之势涤荡污浊，韦迪上任以来也多有惊人之言和惊人之举，今年7月就在秦皇岛的中国足协会议上抛出“三大纲领”，就足协和足管中心的管办分离、国家队形象打造、青少年留洋等均有细致谋划。如果韦迪能坚决实施，中国足球或将在这个风雨飘摇的关口迎来真正转机。可以预见的是，自去年底进行的反赌扫黑风暴一定会进行到底，不排除新账旧账一起算。其实中国足球早就积重难返，从足协领导、足协中层到俱乐部领导、球员、知名教练、领队、裁判、经纪人谁能百分百干净？但迄今为止，还没有重量级球员牵扯其中，随着谢亚龙南勇们的纷纷落马，谁能肯定一批足球大佬也能全身而退？如果大面积追查，中国职业联赛不是没有停摆的可能——比之眼前的千疮百孔，又何妨推倒重来？正如马来西亚联赛，当年的反赌风暴伤筋动骨却也让该国的联赛组织、竞赛纪律更加完善健康，比之中国足球的未来，以一次惨烈的剧痛为代价是值得的，中国足球必须“浴火”之后才有望重新赢得球迷的原谅和尊重。,体育,3,足球 体制 世界杯 国足 亚洲杯 领队 风暴 笔者 俱乐部 掌门人
兔年首战山西换帅后有虎胆 张学文用乔丹名言励志今晚客场挑战浙江稠州银行队，是山西汾酒男篮的兔年第一战。虽然在积分榜上两队有些差距，但目前的山西队已经不惧怕任何对手，依然有取胜希望。浙江队目前9胜11负，位居第10名；山西汾酒队6胜13负，位居第15名。单从排名上看，山西队似乎不及浙江队，但两队实力不相上下，而且山西队还有心理优势，在山西队取胜的6场中，有一场就来自于浙江队。在主场，凭借罗杰斯的神勇发挥，山西队大胜对手，取得了主场首胜。联赛初期，浙江队屡战屡败，积分垫底。在裁掉大牌球星詹姆斯，召回上赛季的外援威廉姆斯后，球队找到了取胜的钥匙，成绩突飞猛进。而拥有3名外援的山西队实力其实并不弱，但由于种种原因，目前只取得了 6场胜利。用球迷王晖的话 来 讲 ：“我悲伤的不是山西队屡战屡败，而是有实力却没有发挥出来。”从另一个角度来讲，山西队更多依赖外援的发挥，一旦外援状态正佳，可以战胜任何强队，否则，连佛山这样的弱旅也拿不下来。今晚，3名外援的表现直接决定着球队的胜负。春节前，杨学增入主球队后，全队空前团结，正呈现出上升势头。正月初二，全队集结后进行了恢复性训练，目前，球队士气旺盛，张学文用球星乔丹的话来激励自己：“我可以接受失败，但绝对不能接受自己都未曾奋斗过。”对于今晚的兔年首战，即便是客场征战，全队上下信心满满，都有取胜的决心。本报记者 王建光,体育,4,山西队 外援 取胜 兔年 山西汾酒 屡战屡败 实力 全队 发挥 首战
一场失利造就两大英雄 戈塔特：我会成为太阳领袖新浪体育讯北京时间3月29日消息，据《亚利桑那共和报》报道，周日比赛虽然输给小牛，但我们也看到了太阳可喜的变化。首发阵容中，球队主帅阿尔文-金特里一下换了两名队员，马尔钦-戈塔特和摇摆人贾里德-杜德利被委以重任。而事实上，两人的表现也没有辜负金特里的期望。杜德利在对阵小牛的比赛中，顶替文斯-卡特出任球队先发后卫。那场比赛，他共出战38分钟，得到20分，5个篮板，5次助攻和3次抢断的数据，表现十分抢眼。而相比较杜德利，另外一位晋升首发的戈塔特则更令人眼前一亮。出战41分钟，贡献20分，15个篮板和3次盖帽，这完全是全明星中锋的数据。能够顶替罗宾-洛佩斯出任首发中锋，这让27岁的波兰中锋十分兴奋。在比赛结束后，信心提升的戈塔特甚至在面对媒体采访时坦言，自己还有很大的上升空间，并坚信能成为这支球队的未来领袖。“我还有很大的提升空间，”戈塔特说，“从球队现在的情况来看，我确信这一点。虽然这听起来有些疯狂，但也许有一天我能成为这支球队的领袖，并成为这个团队的主要领导人之一，我认为这能大大提升球队的实力。”戈塔特赛季中期之所以选择从东部劲旅魔术转投太阳，很大一方面，他是看中能够坐稳太阳先发的契机。但实际上，来到球队之后，主帅金特里并没有对他充分的信任，而是继续选择洛佩斯来担任球队内线支柱。但随着洛佩斯本赛季状态低迷，而戈塔特则在近来替补登场后，屡有上佳表现，这让金特里的思想有些转变。终于在对阵小牛的比赛中，金特里大胆启用戈塔特，而这位波兰的白人内线更是用近乎完美的数据回报了教练和球队。“我不害怕挑战，我非常自信。我知道我仍然要在夏天努力提高自己的能力，尤其是背身内线单打的技巧。我会做好准备。”戈塔特对自己的未来充满信心。仅仅通过一场比赛，金特里就为处在岔路口的太阳找到了未来前进的方向，虽然输给了小牛一场比赛，但相比较他们得到的，太阳并不亏。(小林),体育,5,球队 小牛 提升 领袖 中锋 出任 顶替 空间 首发 比赛
专家预测最后9战6胜3负 火箭闯入前八概率只三成新浪体育讯北京时间3月29日消息，美国网站ESPN专家约翰-霍林格给出了他自己的季后赛出线预测，根据他的预测，主要竞争西部季后赛席位的几支球队晋级概率如下：开拓者96.3%、黄蜂93.0%、灰熊87.5%、火箭22.6%、太阳0.6%。换句话说，霍林格认为火箭晋级季后赛的希望已经不足三成了。霍林格的这项预测是基于各队目前的状况，以及随后的赛程。霍林格认为还有9场比赛没打的火箭，最佳战绩可能是9胜0负，而最差战绩有可能是1胜8负。最可能的战绩是44胜38负，也就是在这9场比赛中取得6胜3负的成绩。而霍林格预测火箭的竞争对手在常规赛结束后最可能出现的战绩分别是开拓者47胜35负，黄蜂46胜36负，灰熊46胜36负，火箭将以两场的差距无缘季后赛。应该说，这项分析还是合情合理的，除非有奇迹出现，否则火箭晋级季后赛的希望确实只有不到三成了。该项数据还给出了火箭打进总决赛的概率，是1.9%，而夺取总冠军的概率只有0.6%。当然，这些微小的概率只是理论上的，如果火箭连季后赛都打不进去，这些概率也只能成为大家饭后的谈资。再来看看其他球队的情况，根据这项数据预测，西部晋级总决赛概率最高的是湖人，达到23.7%，随后依次是掘金、马刺和小牛。东部晋级总决赛概率最高的是公牛，达到49.3%，随后依次是热火、凯尔特人和魔术。在夺冠概率上，公牛一马当先，达到了31.1%，湖人和热火平分秋色，都是11.6%。显然，在霍林格眼中，东部异军突起的公牛已经成为了夺冠第一热门，罗斯将带领他的球队走上芝加哥复兴之路，而热火和湖人依然是他们最强劲的竞争者。至于年纪稍大的凯尔特人、马刺，则不被霍林格所看好。(肥仔),体育,6,概率 预测 火箭 总决赛 战绩 依次 公牛 开拓者 给出 专家
东部冲刺观察：绿军放水太荒谬 年轻公牛冠军的心新浪体育讯尽管有安东尼、德隆东游，相对西部激烈的竞争环境，东部还是较为轻松，下面来看看东部季后赛形势。凯尔特人放水抢热火第三？凯尔特人近期表现低迷，11场比赛只拿到5场胜利，这还要考虑对手实力平平，所输的6个对手包括有快船、76人、篮网、火箭、灰熊和山猫，球队一度在末节领先13分遭山猫逆转，和森林狼一战球队同样在领先25分的情况下险些翻盘，最终3分险胜。于是有球迷开始揣测，凯尔特人近期输球是故意放水，力图避开尼克斯。笔者以为，这种说法有点可笑，至少欠缺逻辑。NBA有没有过选择对手而故意放水的前科呢？有！但这种情况只发生赛季结束前几天，而凯尔特人可能会提前20场放水吗？谁能这么早预料到尼克斯会下跌到第七位？即使是现在，凯尔特人也断无放水之理，请问，对一个以总冠军为目标的球队，是在季后赛开始前找回最佳状态重要，还是在首轮选择一个轻松的对手重要呢？在外界揣测凯尔特人“放水”之时，反倒是凯尔特人主教练道格-里弗斯对队员大发雷霆，大骂球员变得非常自私。或许有人会说凯尔特人去年也只是东部第四，但仍然打到总决赛，并认为主场优势并不重要，看看里弗斯怎么回答这个问题的：“去年他们休息，是因为他们满身伤病，但现在没有受伤，只是打得不好。主场无用？我们去年可是输掉了第七场(在客场)。”基本上，我们可以确定，凯尔特人、热火在接下来还会全力以赴争取第二的位置，这将决定谁在半决赛拥有主场优势。凯尔特人领先热火0.5个胜场，并且在双方交手中占据上风，因此凯尔特人仍旧掌握主动，剩下的10场比赛，凯尔特人还要打马刺、老鹰、公牛、热火、尼克斯几支队伍，热火队则相对轻松，只有凯尔特人和老鹰两支季后赛队伍，以凯尔特人现在的状态和赛程来看，热火甚至有可能拿到第二位置，关键在于凯尔特人需要多久找到赛季前半段的状态。公牛的季后赛能走多远？湖人在全明星赛后15胜1负，冠军之相毕露，东部队的公牛同样不遑多让，过去13场只输掉1场比赛，且是加时惜败，13场比赛场均净胜对手13.6分，包括40分屠杀国王，33分血洗老鹰，可以说，他们现在正处在巅峰状态，完全不逊色于15胜1负的湖人队。防守是公牛的取胜之道，3月份热火、魔术对阵公牛得分均为超过90分，更有四个对手得分未达到80分。现在公牛的状态可谓遇神杀神，或许公牛崛起的速度太快，以致人们一时无法接受他们是东部第一的现实，而不禁要问上一句，季后赛他们能够一黑到底吗？提出这个质疑之前，我们应该换位思考，凭什么质疑东部领头羊，战绩联盟第二的球队在季后赛走多远？战绩含金量？公牛在强敌交手中2-1领先魔术，3-0领先热火，1-2凯尔特人，2-0马刺，1-1湖人，2-0马刺。这还是布泽尔、诺阿总共缺席54场的情况下做到的。欠缺经验？经验确实能有一定的影响，但这种影响有多大？历史上新锐球队夺冠并不多，但这是因为新锐球队往往由于自身实力不足无法走到总决赛，况且开拓者就曾做到过队史首次季后赛之旅即夺冠，湖人选来魔术师便夺魁的先例。仅仅因为公牛太年轻，显然不足以动摇他们的夺冠企图心。公牛并非是一支依靠罗斯、布泽尔、诺阿、洛尔-邓打天下的队伍，要知道他们的替补场均净胜分在联盟高居第二，仅次于小牛队。吉布森、托马斯、阿西克、布鲁尔等人总能打出比首发阵容更恐怖的防守效率，这是一支防守理念深入骨髓的队伍。东部第一并不能保证公牛队杀出东部甚至夺冠，但起码在被淘汰之前，他们不应该承担比其他夺冠热门更多的质疑。谁能抢到老八？相对火箭愈战愈勇却可能无法进入季后赛，东部这边则似乎在拼谁比谁犯错少。目前的东部抢八战中，步行者、山猫、雄鹿是主角。步行者32胜42负位列第八，领先山猫1场，领先雄鹿2场，但步行者接连输给国王、活塞。两场比赛总共只得到181分，丢掉210分，接下来还要迎战凯尔特人、黄蜂、老鹰、尼克斯、魔术以及季后赛竞争对手雄鹿。山猫近期遭遇过6连败和4连败，原本季后赛无望，但由于步行者的输球以及奇迹般的战胜凯尔特人和尼克斯，季后赛看起来并非奢望，然而剩余赛程同样不轻松，两战魔术，还要对阵老鹰、雄鹿。雄鹿同样要和魔术、热火和雷霆各打一场，好消息是，如果收官日西部四五位排位已定，雷霆很可能会选择放水。尽管从赛程上，步行者最为艰难，但步行者已经横扫了山猫，这意味着步行者对两支球队起码拥有2个胜场的优势，在剩余场次只有8-10场的情况下，胜场差比赛程更重要。(木瓜丁),体育,7,放水 公牛 步行者 山猫 雄鹿 魔术 夺冠 队伍 热火 领先
两记钉板大帽！阿联速度不逊控卫 看傻斯隆继任者新浪体育讯华盛顿奇才100-95战胜犹他爵士，易建联拿下6分5个篮板，还有2次盖帽。上半场易建联攻防两端都没有什么表现，但没有想到的是下半场重新上场之后惊喜不断。第三节剩下最后1分钟，乔丹-克劳福德外线投篮不中，易建联冲到篮下补篮，但是同样未能命中。艾尔-杰弗森一把抓下篮板，厄尔-沃特森得到皮球之后飞奔发动快攻。奇才的退防非常慌乱，尽管这些年轻球员退的很快，但是手忙脚乱之下让沃特森直取篮筐。而这并不是易建联唯一的钉板大帽表演。第三节最后时刻，易建联吃到个人第四次犯规下场，第四节他再度披挂上阵，尽管犯规危机让他背上负担，但是关键时刻他依然不含糊。第四节剩下8分55秒，爵士再度发动快攻，持球队员换成了罗尼-普莱斯，而奇才篮下大锁还是易建联。科尔宾肯定不相信自己能在4分钟之内在同一个地方栽倒两次，但是，易建联的巴掌告诉他：没有不可能。可惜此后易建联再次被犯规困扰，德里克-费沃斯上场之后，给易建联送上犯规大礼，比赛剩下3分半钟时，易建联领到自己第六次犯规，不得不下场休息。整个爵士队内，也只有基里洛-费森科比易建联高，尽管易建联和贾维尔-麦基的内线得分能力都一般，但是面对内线海拔偏低的爵士，他们依然能够利用自己的身高以及灵活机动的特点给对手造成麻烦。尽管麦基疲态尽显，今天再无劲爆表演，但是他还是拿下11分16个篮板，另外还有3次盖帽，足见在面对爵士时，长人有多么吃香。不过麦基今天并没有在防守方面发挥出自己应有的实力，反倒是易建联的盖帽表演更加精彩。只可惜受到犯规困扰，关键时刻易建联不能呆在场上，差点坐看奇才痛失好局。(春水方生),体育,8,犯规 爵士 盖帽 钉板 奇才 剩下 下场 困扰 快攻 发动
勒布朗准备重返克城作战 皇帝：胜骑士让我们腾飞新浪体育讯北京时间3月29日 上一次勒布朗-詹姆斯回到克利夫兰打球，整个热火上下是如临大敌。保安、戒严，这种常见于各国领导人出访的字眼一时间是层出不穷。据《太阳哨兵报》消息，明天再次回到快贷球馆，状况还会一样吗？詹姆斯还会像上次一样纠结吗？“不可能比第一次更糟了，”詹姆斯说，“这点我很确定。”在上一次前往克利夫兰的比赛中，詹姆斯拿到了38分，亲手将旧东家打入谷底。在那场比赛之前，热火战绩是11-8，骑士是7-10，两队差距并不明显。而眼下，热火战绩是51-22，高居东部第三，骑士则是14-58，东部垫底。“那场比赛之后，”詹姆斯回忆说，“我们就开始腾飞了。”不过，和上一场比赛相比，明天的比赛还是有些不同的。“上一次是背靠背，这次不是了，”詹姆斯说，“这次我会有机会回家看看，和老朋友叙叙旧，和家人多待一会，多陪陪我的孩子们，我已经有很长时间没在家里待过了。”不仅是詹姆斯，就连队友也对这次交手大感轻松。“上次的时候，他们弄了电视特别节目，搞的我都不能看电视，”克里斯-波什说，“每个频道，都有关于勒布朗造访克利夫兰的消息。这次不同了，应该会更有趣，我也能看电视了。”其实，在詹姆斯造访克利夫兰之后，热火和骑士还有过两次交手，不过都是在迈阿密，而骑士不出意外地两场尽墨。“我们很会严肃地对待这场比赛，”骑士新交易来的后卫拜伦-戴维斯说，“不会有任何大意的，我觉得每次碰上热火，气氛总会与众不同。”不过，对骑士方面发出的宣言，热火也是毫不含糊，“我们的职责就是力挺勒布朗，所以我们对待骑士不会有任何区别的，我们要让球迷为我们疯狂。”德维恩-韦德说。客观地说，指望骑士现在能击败热火，显然不现实。不过，詹姆斯回城，这倒有可能帮助骑士多卖几张球票。除此之外，骑士还能有啥期待呢？(XWT185),体育,9,骑士 热火 看电视 造访 比赛 交手 战绩 严肃 大感 大意
数据揭秘三巨头关键球能力 韦德效率难比皇帝(图)新浪体育讯北京时间3月29日(迈阿密时间3月28日)消息   热火三巨头中，到底谁才是最好的比赛终结者？谁关键时刻的进攻效率最高？对于这个问题，可能永远也不会出现一个标准答案，但是数据却能给我们提供一些判断的标准。根据著名篮球数据网站82games.com的标准，比赛最后五分钟如果双方分差在5分之内，这五分钟就可以称之为“关键时刻”，那么本赛季在热火所有关键时刻中，热火三巨头的效率可从下表格得知(见表一)。我们从中可以发现，韦德本赛季关键时刻的数据远没有他以往的赛季出色，他的整体投篮表现实际上比詹姆斯和波什都差：投篮命中率低于四成，而后两者都在四成五以上。另外一项有趣的数据是表格中的使用值(USG%)，这个指的就是该球员在关键时刻所获得的球权次数占全队的比重，詹姆斯和韦德分享了热火关键时刻的大部分球权，得球率高达34.8%和29.6%，而波什不到他们的一半，仅为15.5%。如果把关键时刻的范围缩小，定义比赛最后一分钟分差在3分之内的比赛时间为“超级关键时刻”，三巨头的表现又怎么样呢？(见表二)我们从中看到的结果和表一相似，詹姆斯和韦德的表现均可谓差强人意，不过前者的整体表现依然强过后者。至于波什，他一共获得4次这样的出手机会，结果无一命中。有趣的是，到了超级关键时刻，热火主帅似乎更信任詹姆斯，他的使用值(USG%)，也就是得球率更高，达到了惊人的46.0%，换句话说，热火超级关键时刻一般的球权都交给了皇帝去完成。詹姆斯在超级关键时刻的投篮命中率远低于平均水平，仅为37.5%，而这正是他被人诟病为“不是一个合格的绝杀者”的真正原因所在。再进一步缩小范围，把比赛最后24秒内分差在3分之内的比赛时间为“生死时刻”(实际上就是绝杀机会)，三巨头又有着怎样的发挥？(见表三)波什一共只获得两次绝杀机会，虽然都没有打成，但样本数太低，拿他与其他两人比较没太多意义。我们来看看詹姆斯和韦德的表现。韦德一共获得了6次绝杀机会，唯一打成的那次是在去年11月初主场战爵士，终场前17秒他一记三分帮热火将比分追成114平，但随后闪电侠犯规，对手两罚两中锁定胜局。另外5次全部失手，其中包括一月初客场打雄鹿空位跳投失手以及一月中旬客场打公牛时的2次：生死时刻先是挑篮失手，然后是压哨三分失手(命中即可以追平比分)。由于错失本月初主场与公牛生死时刻的那个上篮，詹姆斯的绝杀能力一度被多方媒体质疑，实际上，他的表现要略好于韦德。从热火全队来看，他们整体的绝杀能力都很差，本赛季截止到目前，他们一共获得了23次“生死时刻”，其中19次都以失败告终，(新浪体育 黎双富 发自迈阿密),体育,10,关键时刻 绝杀 生死 失手 热火 巨头 见表 时刻 数据 球权
斯隆庆生次日收尴尬礼物 昔日魔鬼主场竟如此沦陷爵士本赛季经历的震动，放眼队史上也属罕见。斯隆的离去，动摇了爵士20多年来赖以生存的根基，德隆-威廉姆斯随后的转会，不过是爵士力图避免重蹈克利夫兰骑士的覆辙而已。新帅蒂龙-科尔宾接手后的一系列举措，也可看出爵士高层力图平稳过渡的意图。但盐湖城球迷必须要有耐心，爵士若能避免像骑士跌入谷底已是万幸。爵士在本赛季斯隆在位时已不给力的防守，继续呈下滑趋势。1月18日两队在华府首次相遇，爵士的防守效率尚在联盟排第17位，如今则退居到可怜的第24位。在爵士的身前，是菲尼克斯太阳和纽约尼克斯，和爵士并列的是明尼苏达森林狼，而身后则正是奇才。以往爵士对手阵中若有一位得分如砍瓜切菜般的球员，往往会在比赛中爆发，这似乎已成为惯例。如今，他们更是被尚算不得联盟一线得分手的约翰-沃尔，在上半场砍下24分。虽然在斯隆和德隆离队之前，爵士已出现下滑趋势，ESPN的专家们也未雨绸缪地提出爵士季后赛堪忧，但如今盐湖城球迷还是有充足理由怀念这两人的。尤其是昨天正是斯隆的生日，爵士球迷却无法目睹主队以一场胜利为老帅庆生。而在过去20多年，他们早已习惯了分享这样的幸福。往前看的爵士高层并未停留于怨天尤人，而是继续给予如今主帅科宾信任，与其签订长约，而刚履新的科尔宾也大胆提拔新人，而这在斯隆时代是较难看见的。选来哈里斯，内线艾尔-杰弗森和保罗-米尔萨普的组合，配上前景看涨的德里克-费沃斯和戈登-海沃德。球队只能寄望于今夏再处理好安德烈-基里连科的交易，继续走好年轻化道路。至于何时才能在命运上迎来转机，至今仍是未知之数。(魑魅),体育,11,爵士 力图 趋势 高层 下滑 球迷 骑士 在位 举措 庆生
新浪正在视频直播勇士vs雷霆 小威埃利斯极速竞飙新浪体育讯北京时间3月30日上午8点，勇士将在客场挑战雷霆队，新浪体育将为您带来本场比赛直播。由于雷霆双侠之一的杜兰特有肩伤，青年军的得分重任恐怕还要威斯布鲁克来承担。而他与勇士后卫埃利斯的竞速之战，也将成为本场比赛的最大看点。(新体)[视频直播室] [图文直播室] [比赛前瞻],体育,12,勇士 直播室 直播 视频 本场 看点 重任 极速 竞飙 竞速
易建联6分6犯沃尔28分 奇才加时克爵士客场第2胜新浪体育讯北京时间3月29日，奇才加时以100-95力取爵士，本赛季第二次在客场胜出。奇才(18-55)结束四连败，本赛季第二次品尝客场胜利的滋味，目前客场战绩为2胜35负。易建联状态平平，打了23分钟，8投3中，早早6犯下场，得6分5个篮板。约翰-沃尔28分7次助攻，乔丹-克劳福德25分，贾维尔-麦基11分17个篮板。>>>您如何评价易建联今天的表现？爵士(36-39)遭到六连败。艾尔-杰弗森只打了29分钟，拿下15分16个篮板，CJ-迈尔斯17分，厄尔-沃特森13分、9次助攻和7个篮板，保罗-米尔萨普12分。安德烈-基里连科和德文-哈里斯继续缺阵。首节表现低迷，而且陷入犯规困境，易建联第二节没得到上场机会，一直坐在场边。本节开始后不久，奇才两度三分命中，而塞拉芬此后又空中接力扣篮，奇才很快就反超比分。本节还有3分57秒时，杰弗森上篮后，爵士将比分追成36-39，沃尔马上突破上篮还以一球，克劳福德此后也中投命中，奇才又将差距拉开。本节奇才以35-22大胜，上半场以51-43领先。易建联在第三节终于首次得分，本节开始后不久，他抢下进攻篮板，直接补篮得手，奇才取得10分的优势。本节后半段易建联又两度投篮命中，本节还有2分25秒时，易建联中投得手后，奇才以70-61领先，马丁紧接着三分得手，奇才又取得两位数的优势。易建联本节得了6分，三节过后，奇才以73-63领先。第四节易建联只打了3分钟就6次犯规下场，他还没来得及出手投篮，只抢下一个篮板。奇才遭到爵士顽强的反击，在本节还有1分30秒时，埃文斯上篮得手，爵士只以82-83落后。沃尔关键时刻的投篮被盖帽，埃文斯两罚两中后，爵士在本节结束前45.1秒以84-83反超，这是他们下半场首度领先。第四节还有7分36秒时起，奇才在7分32秒内未能投中一球，在这段时间只得了1分。爵士领先2分后，克劳福德终于在本节还有4.4秒投中一球，将比分扳平。爵士最后一投不中，两队以85-85进入加时。奇才在第四节丧失了10分的优势，将到手的第二场客场胜利又出现悬念。克劳福德在加时发威，他先是扣篮得手，然后两罚两中，埃文斯投中一记三分后，奇才打出7-0。爵士在终场前42秒才由沃特森投中一记三分，将比分追成89-94。奇才不会再给对手机会，沃尔两罚两中后，将第二个客场胜利牢牢攥在手中。[直播实录] [技术统计] [现场组图](吴哥),体育,13,奇才 爵士 得手 投中 客场 领先 比分 篮板 上篮 追成
火箭老板：姚明还能再打6年 阿帅去留赛季后再定新浪体育讯北京时间3月29日消息，尽管火箭全明星周末之后的表现节节高升，年轻人的活力与爆发力更是令很多人感到震惊，但对于主教练里克-阿德尔曼的去留问题，火箭老板亚历山大仍旧没有给出一个明确的回应。此前，亚历山大曾经表示，关于续约阿德尔曼的问题还没有与他本人进行过商讨。“最终的决定将在赛季结束之后作出，”亚历山大说：“我们还没有就此进行任何的讨论。我即将作出的这个决定，我相信将是对球队，对赢得比赛最好的决定。这是我唯一关心的，其他都不重要。”但是目前有何进展，以及将会是什么方向的决定，亚历山大都没有透露。已经64岁的阿德尔曼也表示，在赛季结束之后，他才有时间来考虑是不是要继续执教生涯，或者回到火箭继续执教。阿德尔曼的生涯胜场数目前排在第九位，同时，他还是火箭队史上胜率最好的教练。虽然教练的事宜迟迟没有定论，但亚历山大对于球队整容的整合很满意。他旗帜鲜明的表示，不愿意为了一个球星而对球队进行颠覆性的变化。总经理莫雷曾在赛季中寻求交易换来卡梅隆-安东尼，但是这笔交易需要的火箭整容做出极大的调整，送出许多年轻且有天赋的球员作为筹码。不过最终这桩交易还是没有达成。“我和莫雷曾经就此进行过多次的辩论，当然都是交换意见为前提的。我想我们的球员已经显示出了他们的能力，只要适当的补强，他们就有能力赢得总冠军。所以，我不愿意轻易的就拿他们去交易。”亚历山大说。“我们很年轻，帕特森、洛瑞24岁，巴丁格、库特尼-李和希尔也是，这样的阵容可以持续的向前。而海耶斯也只有28岁，不算太老；而姚明31岁，他完全还能再打5到6年。”全明星之后，火箭的战绩是12胜4负，已经上升到了西部第九，落后灰熊2场半。而输掉的那四场里，都是战斗到最后，并且分差并不是很大。“我们的球员承受了很多，”阿德尔曼说道：“他们已经竭尽所能。我们从赛季糟糕的开局中摆脱出来，我们送走了两个队中顶级的球员(巴蒂尔和布鲁克斯)，可是我们的球员并没有就此放弃。他们都说，‘这就是现在的我们，我们必须走出去赢下比赛。’他们是如此来回应这个糟糕的赛季的。不管我们所做的是否足够让他们达到那个水准，我们都会发现，执教这支球队是很有趣的事情。”上一场输给热火，但是火箭的胜绩仍旧超过五成4场的比赛。与上个赛季相比，这已经是巨大的进步了。“我和海耶斯一起吃了饭，”亚历山大说：“他提及，我们现在都知道自己在做什么。我们也知道要做什么，比赛的每一个部分，我们都做着正确的事情。这才让我们变成了一支顽强的难以被击败的球队。我很确信我们将有一个光明的未来。如果我们再能拥有一两块拼图，我们会成为一支强队的。”(暖暖),体育,14,火箭 执教 交易 回应 整容 去留 球员 糟糕 老板 球队
广东再战本季第一仇敌 北京率先将六冠王推下神坛本报讯 （记者 张健强） 2月10日，春节期间休战的CBA联赛将重燃战火。2月10日先打的两场比赛是山西队客场挑战浙江稠州银行，东莞新世纪客场挑战天津队。本轮其余比赛将在2月11日举行。农历兔年首轮，焦点战是广东队客场挑战北京队。北京队在联赛第4轮客场曾以80比78击败广东队，送给卫冕冠军新赛季的首败，这也是该队8年来首次击败广东队。而自从那场失利之后，卫冕冠军就深陷泥潭，至今已经输了6场比赛。经过春节的调整，广东队众将发誓要重新找回冠军的气势。新赛季的首次失利拜北京队所赐，而农历新年的首战又是对阵北京队，粤军能否“复仇”？,体育,15,农历 挑战 客场 联赛 失利 击败 战是 重燃 冠王 首败
热火vs骑士前瞻：皇帝回乡二番战 东部次席唾手可得新浪体育讯北京时间3月30日7:00，迈阿密热火将作客克里夫兰，挑战骑士，目前热火51胜22负，骑士14胜58负。这是本赛季两队第四次碰面，同时也是勒布朗-詹姆斯第二次回到老东家的主场。但是这一次这里已经完全物是人非了，不仅莫里斯-威廉姆斯改换门庭去了快船，安托万-贾米森赛季报销，老战士愈见凋零，而且因为球队战绩跌至联盟最差，球迷已经完全失去了耐心，即便是詹姆斯再临，他们也懒得去理，因此，这一次保安再也不用如临大敌。硝烟散尽，回归赛场，目前热火与东部第二的凯尔特人战绩持平，但相互成绩处于下风，既然盛传凯尔特人防水的阴谋论，那么热火会一鼓作气，成全阴谋论者。能够夺取东部第二对于热火来说意义重大，也是他们能够在季后赛创造奇迹的契机。接下来凯尔特人将遇上同样渴望脱困的马刺，这样来看，热火抢下东部第二的机会更大。两队实力差距相当明显，最近热火状态正勇，之前一场比赛三巨头全都拿下30+10。此前对阵活塞、76人和火箭的三场比赛，热火并未全力应战，但是关键时刻的表现无可阻挡，尤其是德维恩-韦德，几场比赛他都在第二节和第四节发威，轻松帮助球队拿下胜利。另外，迈克-毕比在上一场比赛终于打出了状态，这让马里奥-查尔默斯的缺阵不再成为问题。后半赛季骑士也有一些改变，主帅拜伦-斯科特一直在狠抓防守。目前骑士限制对手命中率为47.5%，位列联盟倒数第四，场均失分为105.9分，为联盟第六多，不过最近四场比赛他们对手的得分都在100分以下。拜伦-戴维斯目前在每日观察名单上，最近几场比赛替补出战，表现不错，但是不可能对战局造成太大影响，这场比赛骑士爆冷可能性较小。双发预计首发热火：毕比、韦德、詹姆斯、克里斯-波什、埃里克-丹皮尔骑士：雷蒙-塞申斯、安东尼-帕克、阿朗佐-基、J.J.-希克森、莱恩-霍林斯(春水方生),体育,16,热火 骑士 比赛 毕比 状态 战绩 老战士 次席 硝烟 相互
爵士或用袖珍大前改打三号位 五虎变阵成就探花郎新浪体育讯北京时间3月29日消息，虽然爵士的首发大前锋保罗-米尔萨普一直是球队进攻端的核心，但他6尺8寸(2米03)的身高却成为限制他发展的最大噩梦。不过随着球队在截止日交易来篮网探花秀德里克-费沃斯，爵士很有可能会重新洗牌先发五虎。而据《盐湖城论坛报》透露，新帅蒂龙-科尔宾打算让米尔萨普改打3号位。艾尔-杰弗森本赛季场均可以砍下19.1分和9.6个篮板，而且在全明星赛后，杰弗森场均更是将得分提高到25.1分，这超过了像卡梅隆-安东尼、凯文-杜兰特、德怀特-霍华德这样的全明星球员。不过虽然杰弗森和米尔萨普都在进攻端表现优秀，但令人担心的是，爵士的篮板球一直是他们的软肋。截至目前，爵士场均只有39.3个篮板，这在全联盟30支球队中仅列第28位。究其原因，很大程度上，这是由于米尔萨普身材矮小而造成的。但随着费沃斯的到来，爵士仿佛找到了解决内线困局的救命稻草。而最终的解决方案，很有可能是将费沃斯晋升至先发大前锋，而把米尔萨普拉回外线打小前锋位置。据球队内部人士透露，米尔萨普一直在苦练外线技术。他的控球不断在改善，本赛季他的持球进攻技术也大有改进，而且他还在逐渐开发18英尺的外线跳投本领，相信这样的进步，使他有更多地资本去驾驭爵士的3号位。本赛季的米尔萨普可谓一鸣惊人，在常规赛上半年与热火的经典战役中，在对方一度领先22分的情况下，米尔萨普帮助爵士最终后来居上，将热火拖入加时，并最终客场战胜对手。“我认为，通过季前赛和夏天的准备，我可以看看自己究竟适合什么位置。我觉得这一过渡(从4号位到3号位)会使球队运转的更加流畅，我自己的适应问题也不会很困难。”米尔萨普说道。而当把这样的问题抛给米尔萨普内线搭档杰弗森时，这位身材同样不高的爵士中锋表示，“费沃斯可以打4号位，我继续留在5号位。我想这会是个不错的阵容。”(小林),体育,17,爵士 号位 外线 改打 前锋 五虎 球队 透露 位置 进攻
状元半场天堂半场地狱 飞了好久却被探花拧掉翅膀新浪体育讯西部五连客接近尾声，约翰-沃尔却迎来了最戏剧性的一场比赛。正如业界评论的那样，如果仅看首节或上半场的表现，沃尔堪称独步联盟，但他的难题在于如何应对挑战，一以贯之。在今天奇才客场通过加时以100-95战胜犹他爵士的比赛中，沃尔就先扬后抑，上半场狂砍24分的他，下半场仅得4分，最终他20投10中，罚球10投8中得到28分7次助攻。沃尔素以速度和传球见长，这毫无疑问。如今他的助攻率在所有控卫中排名20位，在新秀中则是名列前茅，而能与他竞速的后卫也是凤毛麟角。对于沃尔的两大缺陷，投射能力和防守能力的欠缺，后者问题更严重，更需要奇才制服组给予支持。今日比赛，面对厄尔-沃特森的挑战，沃尔在进攻端游刃有余，首节就砍下11分，半场结束砍下24分，11次出手竟只有1次落空。被沃尔屡次打击后，爵士有意识地收缩内线，留出外线大片空间，一副坚壁清野的模样，但沃尔仍视之为无物。首节1分08秒，沃尔放弃在三分线外出手的机会，快速突入内线，任凭爵士内线扎堆，依然打成2+1。落地后的沃尔也示威似的平举双臂，作出亮二头肌的动作。第二节末，沃尔再次上演一人独挑爵士全队的好戏。他在外线持球，突然启动，沃特森上前封堵，不料沃尔突然一个漂亮的转身摆脱了沃特森。然后，他突入篮下起跳，与对方内线硬碰硬后，仍将球放进篮框。有了这次精彩表演，半场结束时，沃尔也露出孩子般的笑容。但正所谓笑到最后才是最好的。下半场，得分竟然成了沃尔的老大难问题，尤其是第四节结束时被戈登-海沃德封盖，使比赛被拖入加时。究其原因，爵士在内线的调整收到了效果，而这一关键点就在于沃尔的同级生，探花德里克-费沃斯身上。上半场，爵士死守艾尔-杰弗森和保罗-米尔萨普的组合不放，但这二人运动能力有限兼身高不足，陷入奇才内线长人的汪洋大海中自顾不暇，很难有余暇来照顾沃尔。但费沃斯年轻，运动能力强，在防守上带来了崭新的内容。上半场，虽然爵士内线人满为患，但一旦沃尔起跳，真正在空中形成立体防线的次数寥寥。但下半场，费沃斯的横空出世，却如在沃尔的面前拔地而起一道高墙。(魑魅),体育,18,爵士 内线 半场 下半场 突入 起跳 探花 奇才 外线 挑战
现场：易建联坐满第二节 沃尔半场11中10砍下24分新浪体育讯北京时间3月29日，奇才继续客场之旅，奔赴盐湖城挑战爵士队。奇才背靠背作战，在此前的4个客场中，球队0胜4负，犹他爵士将是连续5个客场中的最后一个。爵士的埃文斯中投得手后，沃尔突破再进，普莱斯上篮遭麦基大帽扇飞，沃尔助攻塞拉芬空接扣篮，爵士请求暂停。回到比赛，海沃德挡拆后中投命中，卡蒂尔-马丁三分偏出，爵士反击，普莱斯三分不进，费沃斯抢下篮板后中投也偏出，沃尔持球反击造成普莱斯犯规，打3分得手。爵士挡拆后，塞拉芬错位防守犯规，爵士重新开球，马丁抢断迈尔斯，沃尔反击命中。普莱斯面对沃尔一对一突破，上篮命中。塞拉芬进攻犯规，迈尔斯三分不进，麦基篮下暴扣得手，身高偏矮的杰弗森面对麦基没有多少办法，自己4投0中还没有得分。普莱斯三分命中，杰弗斯造成迈尔斯犯规两罚命中，爵士内线没有身高优势，只能依靠中远投，米尔萨普中投不进，海沃德争抢篮板时领到犯规。马丁三分不进，爵士反击，杰弗森晃起麦基后投篮还是被后者封盖了，塞拉芬篮下勾手命中。4分49秒，杰弗森终于命中本场个人第一球。普莱斯断球后三分出手不进，海沃德抢下篮板，米尔萨普突破强打遭麦基封盖，杰弗森抢下篮板再攻命中。沃尔突破命中，塞拉芬抢断普莱斯，沃尔反击助攻克劳福德中投命中，奇才已经领先7分。海沃德24秒哨响前三分出手不进，但米尔萨普抢下前场篮板二次进攻命中。奇才发球，沃特森全场紧逼沃尔，结果被沃尔直接撞飞，弹到两米开外，埃文斯中投不进。爵士则有迈尔斯强突造成埃文斯犯规，两罚一中。本节阿联没有登场，沃尔一人得到24分。第二节比赛结束，奇才51-43爵士。(草头王),体育,19,爵士 命中 反击 犯规 抢下 奇才 遭麦 偏出 得手 篮板
现场：阿联首节手感不佳未开张 探花抢板隔人暴扣新浪体育讯北京时间3月29日，奇才继续客场之旅，奔赴盐湖城挑战爵士队。奇才背靠背作战，在此前的4个客场中，球队0胜4负，犹他爵士将是连续5个客场中的最后一个。随后双方连续投篮不中，克劳福德断球，奇才反击，埃文斯上篮命中。沃特森也在米尔萨普的掩护下上篮命中。奇才继续将球交给麦基，强打造成杰弗斯犯规，两罚一中。迈尔斯突破被埃文斯封盖，易建联空位跳投不进，米尔萨普在阿联的干扰下投篮也偏出，沃尔中投命中，贝尔中投不进，麦基正面突破强打没能将球放进，爵士进攻相对耐心，反复传导交到空位的米尔萨普手中，跳投命中，反观奇才进攻比较单一，克劳福德接球便投，不进，随后迈尔斯突破命中。奇才请求暂停。易建联低位单打不成，传给沃尔，随后得到中投机会，没能命中。迈尔斯突破造成易建联犯规，打3分得手。沃尔中投不进，米尔萨普单打造成阿联犯规，随后被塞拉芬换下。麦基埋头强突没能将球放进，杰弗斯中投打铁，麦基再次篮下强打不进，塞拉芬断球，沃尔中投命中，杰弗斯投篮遭塞拉芬犯规，沃特森补篮得手，沃尔强突命中，迈尔斯接沃特森传球三分中的，沃尔卷土重来突破再中一球。此后爵士有意防守沃尔突破，克劳福德开始尝试手感，中投不进自己抢下篮板三分再投还是没有。爵士请求暂停。费沃斯换下已经抢下10个篮板的杰弗森，刚一上场探花秀便抢下前场篮板，隔着恩戴耶暴扣命中。第一节比赛结束，奇才16-21爵士。(草头王),体育,20,命中 奇才 爵士 将球 犯规 抢下 放进 请求 断球 换下
直击：沃尔节末接连犯错 克劳福德救命中投进加时新浪体育讯最后时刻爵士奋起反击，1分30秒爵士埃文斯上篮命中后爵士仅落后1分，沃尔中投不进，埃文斯卷土重来造成麦基犯规，两罚命中，爵士反超一分，沃尔突破遭海沃德封盖，普莱斯反击被沃尔犯规，可惜两罚仅一中，爵士领先2分，时间还剩14.3秒，最后4.4秒克劳福德中投命中，双方进入加时。(草头王),体育,21,爵士 反击 命中 救命 直击 犯规 卷土重来 接连 草头 犯错
纽约操盘手暗示小斯令人失望他离我们的期待很远新浪体育讯北京时间3月29日，作为号称全球第一都市的纽约，尼克斯的一举一动自然会成为媒体和球迷的关注焦点。虽然在交易截止日前弄来卡梅罗-安东尼，让整个联盟为之一振。不过，据《纽约邮报》消息，尼克斯的操盘手唐尼-沃尔什，对此并不满意。“我们还有很多工作要做，过去有很多工作要做，现在还是一样，”沃尔什说，“交易前，我们缺少必要的补强，现在，问题依旧没有得到解决。”难道，是沃尔什对得到安东尼并不满意？所幸，沃尔什对此做出了解释。在他看来，球队现在的问题并不是安东尼，而是阿玛雷-斯塔德迈尔，他在内线的孤立无援才是问题根本。“我看到的是，我还得弄来球员去帮助阿玛雷。”沃尔什解释说。“他能把本职工作做到最佳，不过这距离我们对他的期望还是有差距的。我知道我该怎么做才能帮助球队，我们还需要内线的大个子，越多越好。”的确，对尼克斯来说，斯塔德迈尔的技术特点非常鲜明，他是一个得分能力不错的强力大前锋，但是以他的体格来说，篮板能力和内线防守却实在难以匹配。特别是在和魔术的对比中，德怀特-霍华德更是让纽约人倍感郁闷。在内线羸弱的情况下，尼克斯目前还是保持着东部第七的排名，进入季后赛问题应该不大。沃尔什还为此特别夸赞了主帅迈克-德安东尼，“他对球队的问题是没什么责任的，因为短时间内他也做不了更多。所以，这一切应该都是我的责任，”沃尔什力挺德安东尼说，“所以，我通常不会在赛季中做交易，这对主帅是个太大的挑战。今年做了，是因为从长远看，对球队还是有好处的。”除了分清责任之外，沃尔什也坦诚眼下的尼克斯还是比较让他失望的，“尽管这是一笔着眼未来的交易，但还是让球队无可避免地陷入分裂，而且很难找回过去的默契程度。我很喜欢球队交易之前的状态，我不认为我们能赢得总冠军。我们打的并不好，作为整体，我们表现的很纠结。在其他球队拼命为季后赛或者更好的目标冲刺的时候，我们在攻防两端都出现了问题。”听的出来，沃尔什对尼克斯的现状是非常不满，而且几乎是在放话说球队还要有交易。季后赛之前，搞出这样的风波，不知道安东尼和斯塔德迈尔该做何感想了。(XWT185),体育,22,交易 责任 球队 失望 解释 操盘手 内线 对此 满意 非常
费根：挤掉黄蜂已经不现实 火箭该尽其所能留阿帅新浪体育讯北京时间3月29日消息，《休斯敦纪事报》专栏记者乔纳森-费根在博客里回答了球迷们的提问，他透露如果火箭能够晋级季后赛，阿德尔曼留任的可能性将会大增。以下是问答内容摘译——问：火箭的季后赛希望还有多大？他们只能寄望于超过灰熊么？费根：在目前这个情况下，火箭似乎只是有望超越灰熊。即便黄蜂的赛程比较艰辛，但是由于两队之间的胜差太大，我觉得超越黄蜂的难度非常大。问：你觉得火箭会在赛季结束后留下阿德尔曼吗？费根：我个人认为火箭应该尽其所能去留下他，但是他们看上去并不是特别打算那么去做。问：如果火箭能够打进季后赛，阿德尔曼留下的可能性会大幅度增加吗？费根：这是肯定的。问：火箭是否还需要尝试去引进埃里克-丹皮尔？费根：火箭曾经和丹皮尔达成过加盟协议，但是最终考虑到他的膝盖问题，还是放弃了之前的决定。就他自己而言，也是更希望加盟热火这样的球队。除了丹皮尔，火箭和钱德勒也差点走到一起，但是最终希望也是落空。在赛季中期，戈塔特和阿西克都是曾经离火箭挺近的内线球员。(肥仔),体育,23,火箭 留下 超越 可能性 挤掉 纪事报 摘译 引进 胜差 问答
阿联寸土不让却被争议哨罚下 若他在还会进加时？新浪体育讯华盛顿奇才100-95战胜犹他爵士，易建联拿下6分5个篮板。第三节比赛开始之后，易建联再度披挂上阵，好在他并没有受到上半场低迷的影响。比赛刚打一分钟，他就进球得分，这是两队在下半场进的第一个球。5分钟左右，他接到卡蒂尔-马丁传球，再次投中。此后尽管艾尔-杰弗森回敬一球，但爵士依然以56-66落后10分。4分21秒，易建联得到空位投篮机会，不过投篮出手之际还是被迅速回防的对手干扰了一下，最后皮球弹框而出。3分钟，贾维尔-麦基在篮下持球单打，这一球易建联和他跑到一起去了，显得有点狼狈。2分22秒，易建联在罚球线附近接到传球，转身投中。这个球之前爵士追分势头很猛，易建联得分之后，两队差距再次拉大到9分。这一节易建联效率极高，4次出手就命中3个球。要不是受到犯规困扰，他还能为球队贡献更多。第四节在一次保护篮板卡位时，裁判吹罚易建联犯规，就此6犯离场，这次吹罚有待商榷，当时奇才还领先5分，此后爵士奋起反击，若不是克劳福德最后投进中投扳平比分，奇才将在常规时间内败给爵士，失去阿联这个高点奇才内线攻防均受影响。对阵掘金的比赛中易建联眼角受伤，这多多少少对他的投篮手感有所影响，不过易建联能够克服。真正的问题在于如今易建联内线进攻能力在退化，一方面因为战术布置，他一般会得到空位投篮机会，另外一方面，长期以来，因为比赛时间得不到保证，易建联在场上缩手缩脚，内线不敢打，久而久之，本来拥有的内线技术也渐渐生疏，自己心里也没谱。现在奇才调整了首发，特雷沃-布克换成莫里斯-埃文斯，让麦基和易建联两人扛起内线，麦基的内线进攻能力完全是笑话，持球单打总是能临时发明出各种匪夷所思的动作，他们内线单打能力弱，更不太可能利用配合在内线得分，可以说，在进攻端，这个内线组合是没有丝毫冲击力的。易建联自己也注意到了问题，尽管外围投篮手感不错，他依然锲而不舍的冲击内线，比赛中他屡次制造出补篮机会。当然仅仅这样是不够的，本场比赛奇才终于取下客场第二胜，奇才要想脱贫还任重道远。(春水方生)新浪体育讯华盛顿奇才100-95战胜犹他爵士，易建联拿下6分5个篮板。第三节比赛开始之后，易建联再度披挂上阵，好在他并没有受到上半场低迷的影响。比赛刚打一分钟，他就进球得分，这是两队在下半场进的第一个球。5分钟左右，他接到卡蒂尔-马丁传球，再次投中。此后尽管艾尔-杰弗森回敬一球，但爵士依然以56-66落后10分。4分21秒，易建联得到空位投篮机会，不过投篮出手之际还是被迅速回防的对手干扰了一下，最后皮球弹框而出。3分钟，贾维尔-麦基在篮下持球单打，这一球易建联和他跑到一起去了，显得有点狼狈。2分22秒，易建联在罚球线附近接到传球，转身投中。这个球之前爵士追分势头很猛，易建联得分之后，两队差距再次拉大到9分。这一节易建联效率极高，4次出手就命中3个球。要不是受到犯规困扰，他还能为球队贡献更多。第四节在一次保护篮板卡位时，裁判吹罚易建联犯规，就此6犯离场，这次吹罚有待商榷，当时奇才还领先5分，此后爵士奋起反击，若不是克劳福德最后投进中投扳平比分，奇才将在常规时间内败给爵士，失去阿联这个高点奇才内线攻防均受影响。对阵掘金的比赛中易建联眼角受伤，这多多少少对他的投篮手感有所影响，不过易建联能够克服。真正的问题在于如今易建联内线进攻能力在退化，一方面因为战术布置，他一般会得到空位投篮机会，另外一方面，长期以来，因为比赛时间得不到保证，易建联在场上缩手缩脚，内线不敢打，久而久之，本来拥有的内线技术也渐渐生疏，自己心里也没谱。现在奇才调整了首发，特雷沃-布克换成莫里斯-埃文斯，让麦基和易建联两人扛起内线，麦基的内线进攻能力完全是笑话，持球单打总是能临时发明出各种匪夷所思的动作，他们内线单打能力弱，更不太可能利用配合在内线得分，可以说，在进攻端，这个内线组合是没有丝毫冲击力的。易建联自己也注意到了问题，尽管外围投篮手感不错，他依然锲而不舍的冲击内线，比赛中他屡次制造出补篮机会。当然仅仅这样是不够的，本场比赛奇才终于取下客场第二胜，奇才要想脱贫还任重道远。(春水方生),体育,24,内线 奇才 爵士 投篮 单打 吹罚 空位 手感 持球 接到
韦斯特一心瞄准自由市场 怎奈伤病挡路！钱途渺茫 新浪体育讯北京时间3月29日消息，本赛季黄蜂曾为队中的二把手大卫-韦斯特开出了年薪750万美元的续约合同。但韦斯特果断的拒绝了球队这一报价，因为他知道，自己作为自由球员在市场中，会得到更丰厚的回报。但天有不测风云，在黄蜂队爵士的比赛中，韦斯特在完成一次扣篮之时不幸落地扭伤左膝，赛季彻底报销。而随之蒙上阴影的，还有韦斯特在今年夏天作为自由球员的前景。而《新奥尔良时代花絮报》也就此问题展开讨论，并认为韦斯特的膝盖伤势很可能会影响他未来的职业生涯。对于许多觊觎韦斯特的球队来说，他身上的伤病太多了，这是不容忽视的问题。在进入联盟的8年间，韦斯特职业生涯场均可以贡献16.4分和7.3个篮板，并两次入选全明星阵容，这都是很了不起的成就。但他已经31岁了，抛开西部全明星的背景不谈，花大价钱签下韦斯特，球队的确需要承担更多地风险，而他的未来也很明显存有不确定性。“曾经有一段时间，每名球员在受伤后都会不同程度的丧失信心，”一位东部联盟的总经理说道，“但我认为手术的风险更大，这在联盟中已经有足够多的例子证明。因此当看到一名球员接受手术后，这足以让你在签约他时三思而行。”这位总经理还用魔术后卫吉尔伯特-阿里纳斯和76人大前锋埃尔顿-布兰德做例子证明了自己的说法。经过详细的诊断，韦斯特将会在下周为受伤的左膝进行手术治疗，而这一伤势将令这位全明星大前锋休战长达6-10个月的时间。但即便如此，有内部人士也表明，韦斯特仍然不愿意选择黄蜂提供的750万美元年薪的续约合同。但如果真的如上位经理人所说的那样，今夏流入自由球员市场的韦斯特，在联盟中还会有多大诱惑力呢？(小林),体育,25,手术 自由 例子 风险 年薪 总经理 续约 合同 球员 伤势
彪悍男却是无死角技术流 男篮两帅亲手塑造这怪才新浪体育讯凭借着国手丁锦辉的出色发挥，浙江队在主场以136-109战胜山西队，迎来兔年的首场胜利。丁锦辉全场比赛仅仅打了26分钟便砍下了20分13个篮板4次助攻。第三节比赛还有8分钟，浙江队打出了全场比赛最为精彩的一次进攻，丁锦辉从上线运球突破，他变向当中加速冲入篮下，似乎是防守人根本没有想到丁锦辉瞬间的爆发力会有如此之强，两名外援此时站在篮下并没有挡住丁锦辉的突破路线，他像开足一辆马力的跑车一般冲到篮下高高跃起，在两个防守球员的头上双手暴扣将球狠狠砸入了篮筐！83-47！这记惊天暴扣打中之后，浙江队已经领先了整整36分之多，他们早就把胜利装在兜里了。这样的暴扣表演也只是丁锦辉本场比赛精彩集锦的冰山一角。年后的这第一场比赛，丁锦辉延续他之前表现出来的MVP状态，从比赛一开始就在攻防两端展现出了统治级的表演。比赛一开始，丁锦辉先是运球突破篮下强攻得手，随后又很快在外线命中一记三分，不仅自己的进攻打得有声有色，丁锦辉的突破更是给对手的防线制造了足够的杀伤力。每当对手在篮下对他进行包夹的时候，丁锦辉都能及时将球分给身边埋伏的队友，为球队制造出最好的得分机会。球队转入阵地战的时候，他在高位给内线传的策应球也屡次直接造成了篮下的杀伤。第一节结束时，丁锦辉就已经砍下了11分4个篮板3助攻。第二节，丁锦辉在攻防两端连续摘下篮板球，并且很快上演了一条龙突破篮下的得分好戏，帮助浙江队把领先优势扩大到42-28。这也为球队早早奠定了胜局。仅仅半场比赛，丁锦辉出战21分43秒便砍下了16分9个篮板3次助攻的全面表现。就在年前，篮协刚刚公布了CBA第六周MVP得主，丁锦辉当仁不让获此殊荣，在联赛过去的一周中，丁锦辉带领球队取得了三战两胜的成绩，并且击败了江苏和上海两大强敌。在击败江苏的比赛中，小丁砍下了19分7个篮板4次助攻，赢下上海的比赛，丁锦辉也贡献了16分9个篮板3次助攻。也许从数据上看，丁锦辉场均14.3分7.6个篮板的表现并不算太过耀眼，但他对于整支球队的串联作用很多都是数据不能体现的。除了得分和篮板之外，丁锦辉场均还能贡献2.3次助攻1.7次抢断。现在的丁锦辉不再是当初那个只会得分的进攻点，他在攻防两端都扮演者球队灵魂和核心的作用，他是球队进攻的发动机和中转站，是球队防守端的盾牌和城墙。刚刚进入联盟的时候，丁锦辉还是个只知道得分的矛头小伙子，那个时候他甚至可以奉献单场砍下46分的表演，但现在，丁锦辉在场上的表现已经完全上升了一个档次，数据已经不再成为衡量他表现的唯一标准，他想得更多的是怎样把球队串联起来。从06-07赛季崭露头角到现在，短短的四年时间丁锦辉已经经过了两届国家队主帅的历练。尤纳斯时代，教练希望他改打三号位，让他练三分和小前锋的技术。到了邓华德时代，教练希望他专心防守，重视内线技术和篮板球，现在，丁锦辉已经成为了能里能外的全能锋线，身兼技术流和强悍流，纵观整个国内的4号位球员，能够达到如此全面能力的，也找不出第二个了。(贾磊),体育,26,砍下 篮下 球队 助攻 篮板 比赛 攻防 暴扣 得分 时代
马里昂手指竟一直错位 布博瓦：我看了都想吐(图)新浪体育讯北京时间3月29日，小牛能高居西部第三，肖恩-马里昂是功不可没的。本赛季，他绝大多数时间都是出任替补，出场时间也有所下降，不过却在主要技术统计方面都有上升。一个人的牺牲，成全了整支球队。不过，据ESPN消息，这位小牛功臣居然一直是在带伤作战。从赛场表现来看，谁都看不出马里昂有什么不对劲的地方。可谁又能想到，马里昂是带着左手小指的严重错位在打球？从图片上看，他的小手指都快和无名指垂直了。如此严重的错位，本赛季马里昂是没有痊愈的可能了。让人称奇的是，马里昂本人对此似乎毫不介意，“就是手指头被戳了一下，”马里昂说，“然后你懂的，我看了下手指，心想这不跟去年一样么，我都习惯了。随便用点绷带缠了一下，也就没管了。老板马克-库班看到过一回，倒是被吓到了。我无所谓，反正我是不打算做手摸，就这样吧。”马里昂也确实没在说大话，实际上，他的手指早在赛季初就是这样了。不过，至于究竟是怎么受的伤，马里昂却已经完全没有印象了。他坦承自己不记得是在对方球员身上，还是在救球的时候弄伤手指的。“也不痛，除非我去刻意地掰手指，”马里昂说，“我感觉很好，也没怎么影响我打球。”而且，马里昂还透露说自己的这根手指已经无数次的错过位了，现在甚至能做小范围内的逆时针转动。“我大概9、10岁的时候，手指就错过位了，也不太记得我是在什么运动中弄的，有可能是橄榄球吧。”马里昂自己对畸形的手指是没什么介意的，不过在队友眼中，这还是相当惊悚的。更衣室里紧挨着马里昂的罗德里格-布博瓦就说，“这太疯狂了，每次看到他的手指，我都想吐。”所以，为了队友的健康着想，马里昂，有空的时候还是麻烦去把你的手指给弄正常吧。(XWT185),体育,27,手指 错位 记得 错过 小牛 队友 打球 垂直 有空 逆时针
高矮胖瘦大乱斗点醒太空易 什么样的搭档最适合他新浪体育讯犹他爵士95-100负于华盛顿奇才，最近战绩已跌入低谷，看守主帅蒂龙-科宾也在酝酿变阵，有意将保罗-米尔萨普移往侧翼。这个变动既是因为球队三号位陷入兵荒，更是出于风格互补的保护。此事对正面临生涯转折点的易建联也是一个启示。仅就纯实力而言，德里克-费沃斯顶多能坐到爵士内线第三把交椅。米尔萨普和艾尔-杰弗森都在进攻端有不凡造诣。问题在于俩人的缺陷太过接近——均是身高偏矮，移动能力不足，下盘够扎实却没有弹跳的矮壮内线。结果就是爵士的正面防守能力严重不足，今天打奇才搞不定约翰-沃尔的突破就是明证之一。关于这点，业界早有期望改变的声音。白人中锋凯里洛-费申科重伤报销之前，就被认为是更适合与米尔萨普或杰弗森中的任意一人搭配。等到费沃斯中途投靠，外媒报以的观点也基本一致：10届探花的进攻技术粗糙，但身高和运动力会是米杰二人的良好补充。今天第四节关键时刻两大首发都被冻在板凳上，篮球比赛有的时候就是如此充满辩证——上最好的球员不见得能达到良好效果，上最合适的才行。话题回到阿联身上，他的篮下对抗能力不足，但几任主帅都愿意用他，其实就是占到了“风格互补”的便宜。这是因为阿联具备普通内线没有的中远距离射程，能够给球队的战术设置提供弹性。今天上半场他的手感不好，不代表奇才对其使用有问题——几次中距离的机会都跑出来了，爵士首发内线也不具备干扰阿联投篮的臂展和活动力。不过严格说来，阿联和现在的这支奇才还不能说是完全风格互补，这主要是针对防守端而言。麦基的对抗能力一般，而且容易吃晃，这就决定了他的封盖能力更适合去干扰对方的进攻收尾，而不是从一开始就进行全套追踪式的防守。麦基和阿联都属于协防优于顶防的类型(今天俩人各种盖帽)，这会导致球队在遏制低位战力时出现没有肉盾可用的窘境。今天的比赛中，看阿联和麦基斗米尔萨普和杰弗森是一件很有趣的事情。双方都在竭力发挥自己的强项，又始终无法彻底回避自己的弱项。如果双方的内线对换一下，比如让阿联搭配杰弗森，麦基搭配米尔萨普，可能在攻守端都会顺手很多——这当然只是假设，但两队今夏都处在重建期，应该会思考怎么样的球员更适合整体队型的建设。就阿联本人而言，即使不留在奇才，尽量找一个有纯种中锋压阵(有吨位和内线向的大前锋亦可)的球队作为下家，对他的生涯规划会有好处。阿联跟安德鲁-博格特和布鲁克-洛佩斯都有合作的经验，在雄鹿和篮网也不曾出现今年在奇才“定位难”的情况，这本身就很能说明问题。纵观全联盟，像爵士这样渴求运动型外线大前锋的球队不在少数，这都会是阿联的机会。(咕哒),体育,28,适合 搭配 互补 奇才 内线 爵士 风格 具备 干扰 球队
14年后奇才再横扫爵士 美媒赞易堵死对手偷袭之心新浪体育讯北京时间3月30日消息，据《篮球真相》报道，华盛顿奇才在西区客场之旅的最后一战中击败了犹他爵士，不仅为西区之旅画上了一个漂亮的句号，而且也极大的提振了球队士气。《篮球真相》专家凯尔-韦迪就撰文对球队进行了点评。事实上，奇才在对阵爵士的比赛中并没有达到最好状态：穆斯塔法-沙库尔被主帅菲利普-桑德斯DNP(教练决定不能出场)了，哈马迪-恩戴耶只出场3分钟，什么收获都没有；奥休斯-杰弗斯、卡蒂尔-马丁以及凯文-塞拉芬一共只有14投6中，得到18分——而这就是奇才替补的所有贡献了。奇才替补永远以名字的多样化和低效率让人震惊，但即便如此，奇才依然历经加时赛击败了爵士。当然，奇才能赢球，也与对手的阵容不整有关，德文-哈里斯、安德烈-基里连科都不能出场，不过即便如此，奇才的先发阵容也并不比爵士奢华，总体而言，爵士还是占据上风的。最终，爵士主场不敌奇才，竟然被奇才完成了赛季横扫，而且是先后在两位主帅的指挥下均不敌奇才——双方的第一次交手，爵士主帅还是杰里-斯隆，而这次交手，时间点又恰好是斯隆的生日。要知道，奇才上次能横扫爵士，还要追溯到1997年。此外，奇才也凭借这次胜利，将球队客场战绩提升到2胜，如此一来，他们就不会追平1990-91赛季萨克拉门托国王单赛季1胜40负的历史最差客场战绩了。奇才能赢球，离不开各位球员的精彩发挥：约翰-沃尔总能利用他的移动性优势冲击篮筐，厄尔-沃特森确实在给球压力，但他的身体素质并不能阻碍沃尔的行动。沃尔在上半场就砍下24分，全场砍下28分，命中率高达50%(20投10中，罚球10罚8中)，还送出7次助攻，并只出现2次失误，堪称球队第一功臣。乔丹-克劳福德虽然命中率一般，25投仅9中，但这里面有10球都是3分线外出手(只命中1次)，他的两分球命中率还是能接受的，最终，克劳福德砍下25分，得分效率也算是不过(1分/出手)。克劳福德在第四节和加时赛都有大心脏表现，同时还贡献了2次抢断，这相当不易。易建联虽然只出场23分钟就6次犯规被罚下，而且只得到6分5篮板，但他依然不可或缺——他的存在让奇才的进攻多了一种选择，同时，他两次至关重要的封盖也堵死了爵士的突破偷袭之心。莫里斯-埃文斯也遭遇了犯规困扰，但他在关键时刻确实挺住了，埃文斯不仅贡献了一个关键的前场篮板，而且在加时赛中独得7分——奇才总计才得到15分。至于贾维尔-麦基，虽然他在比赛后期显得有点疲倦，但他的长臂依然确保了篮板球，全场比赛他抓下17个篮板，其中前场篮板就有5个。总体而言，奇才的实力未必比爵士强，但他们起码比爵士的失误要少。全场比赛爵士出现了18次失误，奇才利用这些失误得到21分；而奇才只出现了13次失误，爵士只得到14分。凭借这套阵容拿下了比赛，奇才的球迷应该为球队的进步而自豪。(咕哒),体育,29,奇才 爵士 失误 横扫 出场 堵死 偷袭 真相 阵容 命中率
26连败鱼腩竟连挫联盟四大豪强 同情不!这里是NBA新浪体育讯北京时间3月30日，克里夫兰骑士主场爆冷102-90击败迈阿密热火，克里夫兰人终于向抛弃他们的勒布朗-詹姆斯复仇。詹姆斯宣布“决定”之后，克里夫兰变成了一座失落之城，他们为詹姆斯付出了7年心血，花了数亿的巨资，但詹姆斯没有带给他们冠军，反而做了最伤害他们的事——拍拍屁股走人。本赛季骑士可谓是历经艰辛，赛季中期，他们连续输掉26场比赛，成为NBA历史上连败最长的球队，从此被钉在耻辱柱上。很长时间内骑士都在联盟垫底，今天他们不过才拿到第15胜，可是有一个情况您注意到了吗？在骑士15个胜场中，他们的手下败将包括了凯尔特人、湖人、新版尼克斯和热火四支强队，可以说这点令人颇为意外。骑士赛季首战就是对凯尔特人，结果刚刚击败热火的绿衫军竟然爆冷输球，一时间被骑士球迷传为佳话。骑士在甜蜜的7胜10负开局之后陷入阴影，从2010年12月21日开始，骑士遭遇了惨绝人寰的26连败，直到2011年2月12日他们才战胜快船脱困。从那之后，骑士虽然还是负多胜少，但2月17日骑士主场104-99爆冷击败湖人，让大家吃了一惊。一周之后骑士又险胜拥有卡梅罗-安东尼、阿玛雷-斯塔德迈尔、昌西-比卢普斯的新版尼克斯。这还不算完，3月3日骑士再次客场击败尼克斯，着实令人称奇。今天骑士再接再厉，未让热火完成赛季横扫，这座失落之城犹如庆祝夺得总冠军一般庆祝他们击败詹姆斯。一支打了73场才取得15胜的球队，分别战胜了四支有希望竞争总冠军的球队。我们不得不叹服，这就是NBA，即使是26连败的球队也不能小视。(Zorro),体育,30,骑士 击败 连败 爆冷 失落 庆祝 热火 总冠军 湖人 球队
NBA称皇帝2.9秒争议三分无效 浙江也这么想(视频)新浪体育讯北京时间3月30日消息 热火爆冷输给骑士，勒布朗-詹姆斯在第三节结束前的一个压哨超远三分引起了巨大争议，赛后NBA官方表示这个球不应该算进，但不会更改比分和詹姆斯的数据。NBA负责规则和纪律的副总裁斯图-杰克逊在赛后第一时间接受NBA TV采访，他表示詹姆斯在第三节末的超远三分应该不算分，当值裁判的判罚有误。当时的情况是这样的。第三节结束前2.9秒，骑士外线艾恩加三分命中。按照规则，此时已进入比赛前三节的最后1分钟，在对手进球后，计时器应该停表，当时所剩的2.9秒是准确的。但接下来的情况出现疑问，热火底线球发出来时詹姆斯有一个让的动作，第一下他到底有没有碰到球？如果皇帝没碰到球，那么计时器在他接球之前就开始走显然是错误的。如果詹姆斯第一下碰着球了，那进球显然无效；如果没有碰到，那就需要估算詹姆斯从“第二次触球”到出手之间的时间，再来判定这球有没有在哨响前及时出手。裁判因为不能当即决定进球是否有效，只好起用录像回放，他们在场边观看回放将近10分钟时间也没法断定，因为所拍摄到的比赛画面出现了死角，现有视频无法断定进球是否有效。情急之中，裁判甚至还跑到负责转播比赛的迈阿密当地电视台太阳体育(Sun Sports)的解说席那索要视频，结果后者也没有。无奈之下，三个人回到场内又商量了半天，最终还是判定此球算进。斯图-杰克逊接受采访时表示，詹姆斯第一下没碰到球，裁判应该看录像分析勒布朗从第二次触球到出手花了多长时间，然后判定此球有效与否。如果算出来这个时间也是毫厘之间，那么裁判就应该让热火在最靠近出手点的边线发球重赛詹姆斯从接球到出手的这段时间，而不是简单判定此球有效。这个争议球，不由让人想起前几天CBA季后赛江苏和浙江的比赛，江苏队最后2秒绝杀浙江，计时器是该走没走；而今天NBA赛场，骑士与热火的比赛，计时器却可能是在不该走的时候走了。在赛制和规则极为严谨的NBA赛场，也会出现类似的纰漏，或许我们应该给CBA赛场多一些宽容，但更值得我们思考的是，NBA联盟对待类似判罚的态度，是由之任之把错判误判当成比赛不可分割的一部分，还是尽一切可能去纠正可能的错误？(新浪体育 黎双富 发自迈阿密),体育,31,计时器 判定 裁判 进球 规则 争议 出手 赛场 视频 无效
NCAA四强战必知十事（上）：这黑马与冷门有多牛！新浪体育讯四强战必须知道的十件事：第一部分——随着NCAA全国锦标赛最终四强的出炉，四强战的比赛也在一分一秒地临近，在比赛之前，让我们一起来了解一下属于四支球队的点点滴滴。（点击链接查看下半部：NCAA四强战必知十事（下）：这5人将影响冠军归属）〈〈〈 NCAA疯狂三月专题主页上线，点击链接查看精彩内容1，VCU是谁？ 3个星期前全国锦标赛尚未开打之时，NCAA选拔委员会将VCU(弗尼吉亚联邦大学)列入全国锦标赛，虽然在全国64强之前他们还要打一场附加赛，但还是有很多球迷对这个选择议论纷纷，很多人觉得略显平庸的他们几乎没资格进入全国锦标赛，甚至附加赛都轮不到VCU这样的学校参加。大家在为那些理应入围的球队扼腕叹息的同时，也质疑着这支看似弱小的球队。06年时，大家以为乔治梅森大学的黑马奇迹将后无来者，VCU告诉人们这种想法是错的。行动是最好的证明，5场比赛之后，VCU将要站在最终四强的舞台上，看看倒在他们脚下的对手们吧：南加州大学、乔治城大学、普度大学、佛罗里达州立大学，还有西南赛区头号种子，之前锦标赛场均净胜12分的堪萨斯大学。2，不要忘记巴特勒大学。VCU的奇迹，似乎盖过了巴特勒大学一路的神奇。去年不可思议地闯入决赛后，巴特勒大学核心球员戈登-海沃德离校参加选秀，这所只有4200人的学校在失去核心后，本赛季一度战绩下滑，甚至进入全国锦标赛的希望也变得渺茫。但这些困难阻挡不了顽强的巴特勒大学，这支以坚韧而著称的球队随后奋起直追，以最后1个月9连胜的优异表现赢得一张全国锦标赛的门票。全国锦标赛的他们经历了补篮绝杀、罚球绝杀、加时赛等重重坎坷，连续两年杀进最终四强。所以现在断言VCU是本赛季最大黑马尚言之过早，谁是全国锦标赛最神奇的球队我们拭目以待。3，肯塔基主教练卡利帕里执教生涯最出色的一个赛季？ 2010年，肯塔基大学有5名球队进入了NBA选秀首轮，其中包括状元秀约翰-沃尔和第5顺位的德马库斯-考辛斯。2012年，肯塔基将会迎来可能是校史上最好的一次招生。而他们却是在2011年，完成时隔12年进入最终四强的梦想。本赛季这支肯塔基只能算是优秀而并不能算伟大，就是这样一支球队，在主教练约翰-卡利帕里大师级的指挥下，连克分区1号种子俄亥俄州立大学和2号种子北卡罗来纳大学，其中大一控卫布兰登-奈特分别绝杀普林斯顿大学和俄亥俄州大，大四前锋约什-哈雷尔森也打出了他职业生涯最精彩的表现。这不是卡利帕里执教过的最有战斗力的一届球队，也不是他执教过的最有天赋的一届球队，但是在卡利帕里的指导下，这支肯塔基却在今年取得了巨大的成功。4，康涅狄格主教练吉米-卡洪执教生涯最出色的一个赛季？ 自从在赛季初的毛伊岛邀请赛上夺冠，康涅狄格大学的球迷便把目光对准了球队核心坎巴-沃克。但是在进入3月以来，在吉米-卡洪的指导下，坎巴-沃克变得更加强大更加大心脏，前锋阿莱克斯-奥利亚奇蜕变成了篮板机器，大一新生杰雷米-兰博更是在锦标赛中完全展示了自己的潜力，成为了球队第二号得分手。这些球员这几个月的成长显而易见，这之中绝不可忽略主教练吉米-卡洪的功劳。这支康大论天赋和战力也均不是一流，远远不如99年以及04年等令人惧怕的康涅狄格，但是拥有吉米-卡洪这样一位名人堂教练的他们，依然艰难地拿到了西区冠军，进军最终四强。5，大卫与歌利亚。(圣经记载，小牧童大卫曾用弹弓击败巨人歌利亚，并之后为王)  四强战的对阵为VCU对巴特勒，肯塔基对康涅狄格，因此无论四强战出现什么结果，都会像去年决赛一样，成为黑马与名校的对决。而同时，决赛也必将是一位少帅对阵一位名帅(VCU主教练夏卡-斯玛特33岁，巴特勒主教练布拉德-斯蒂文斯34岁)，两位少壮派的佼佼者，能否战胜两位全美篮球界响当当的名帅，也是值得关注的焦点。(clay),体育,32,大学 锦标赛 主教练 执教 球队 强战 种子 决赛 绝杀 核心
专家：科比仍有机会夺常规赛MVP 不该再说他打球独新浪体育讯北京时间3月30日消息，《篮圈世界》专栏作家埃里克-平克斯回答了洛杉矶湖人队球迷所关心的一些问题，诸如能否追赶上马刺队的战绩、主教练菲尔杰克逊下赛季留任的可能性以及对于科比-布莱恩特目前状况的看法。问：湖人队能追赶上马刺队的战绩吗？答：假如你在一周前问我这个问题，我会说不能，但伤病问题正在影响着马刺队，这给湖人队打开了一条门缝，不过从现实的角度来看，湖人队还是要指望马刺队继续下滑。问：大多数人(包括杰克逊)都认为在洛杉矶地区拥有三支球队的设想太荒谬了，你是如何看待萨克拉门托国王队迁移一事？橘子郡的球迷会支持他们么？搬迁后的国王队会抢走部分湖人队的球市么？答：我明白杰克逊的观点，但无论如何国王队在萨克拉门托市得不到足够的财政支持，虽然阿纳海姆市还不具备现成的条件，但至少他们有资源来改造本田中心球馆。另外橘子郡的球市本来就不小，国王队到了那里之后会像湖人队一样受欢迎么？我并不这么认为，应该和在萨克拉门托市的状况差不多，而不是拿来和湖人队相比较。问：假如湖人队再度卫冕成功，你觉得菲尔-杰克逊回来继续带队冲击四连冠的可能性有多大？除了布莱恩-肖之外，你觉得还有哪些人会进入湖人队下一任的主帅人选名单内？答：杰克逊已经坚称不会回来，但除非是官方决定，否则一切都有可能产生变数，不过我至少现在还是相信他会信守诺言。假如湖人队又夺冠了，我可以料想到他们将进一步留住肖以及现有的战术风格，但至于谁有机会接替杰克逊还很难说。问：你觉得科比有机会夺取今年的最有价值球员称号么？他有希望从罗斯手中抢走么？答：假如湖人队能超越马刺队的战绩并问鼎联盟，那么科比当然有可能，假如湖人队在战绩上超过了芝加哥公牛队，那么科比也同样有可能，至少双方都会有拥护者。问：控球后卫一直是湖人队的软肋，费舍尔的确拖慢了球队的速度，布雷克有时的表现比法玛尔更糟糕，湖人队会在赛季结束后作出调整么？答：布雷克比法玛尔表现的更好些，后者更喜欢单打独斗，当然我也不打算睁着眼说瞎话称布雷克今年的手感很好，但他的出手次数毕竟要比法玛尔少许多。湖人队的球迷没有停止过对控卫的担忧，但球队仍然高奏凯歌并夺取冠军。问：为什么仍然有许多人认为科比太独？只有在球队处于逆境的情况下，科比才会这么做。答：我同意你的观点，科比会在球队落后或设法赢下的情况下才会主导比赛，不过他也不是一位完美的球员，这跟他的前辈们一样，但归根结底还是要靠战绩来说话，得多少分不是关键，关键的是总冠军戒指。(喜欢),体育,33,马刺队 战绩 橘子 抢走 球市 追赶 夺取 观点 状况 可能性
健全公牛就是比瘸腿马刺快 豪言：咱要做联盟第一新浪体育讯北京时间3月30日消息，据ESPN报道。周一的时候芝加哥公牛主场意外负于费城76人，但这丝毫不影响他们东部第一的排名，目前他们仍领先波士顿凯尔特人两个胜场。在东部独占鳌头的他们，早已有了新的目标，那就是超越圣安东尼奥马刺成为联盟战绩第一。公牛的后卫罗尼-布鲁尔对球队非常的自信，他已经将眼光盯在了更高的目标。他觉得公牛能在常规赛结束时超越马刺成为全联盟战绩最好的球队。输给76人之后，他们也只落后马刺4个胜场，在他们眼里这点差距不算什么。“我们试着赢下更多的比赛，因为东部的竞争太激烈了，”布鲁尔说。“我们不仅要成为东部的头名，而且要努力超越马刺，拿下联盟最好的战绩。”本赛季公牛的主场可谓是坚不可摧，32胜5负的主场战绩仅次于马刺的33胜3负。布鲁尔说虽然大家都不愿意过多的谈论球队在联合中心出色的战绩，但是每当球员们走上这快球场的时候就会有一个想法，那就是保卫主场！“我们会守卫主场，”布鲁尔说。“我们不希望任何人在主场击败我们。尽管有时候大家会有些糟糕的表现，让一些焦灼比赛的胜利溜走，但大部分时候，我们赢得了保卫战。在客场打得不出色还情有可原，但在主场绝对不能轻易丢到胜利，这就是一种尊严。”布鲁尔如此自信球队能够超越马刺，其中一个很重要的原因就是公牛的当家德里克-罗斯竞技水平已经达到了一个新境界，这一点他当然清楚。“他的表现是现象级的，”布鲁尔说。“当我们有球员受伤的时候，他都能带我们前进。布泽尔和诺阿休息了那么长时间，他都能带队取得胜利到达现在的高度，你们能想象这有多难么？这是对他最好的证明。他是一个年轻的球员，但他一直在进步。他非常谦逊，愿意每天都更加的努力。我们这些跟他一起打球的队友，看着他如此努力，也不由自主的想要打到与他同样的标准。”(老白),体育,34,公牛 超越 主场 战绩 自信 大家 目标 球队 出色 非常
刚出三月泥潭纽约就口出狂言：绿军热火都小心点新浪体育讯北京时间3月30日消息，据美联社报道，折磨人的三月过去了，尼克斯感到轻松，他们对未来信心满满。艰难的赛程和过高的期待让尼克斯经历了一个残酷的三月，队员们抱怨说太疲劳，乐趣太少。四月将会轻松得多，至少在季后赛到来之前会如此。在和篮网的比赛结束之后，他们就可以和三月说拜拜了。卡梅罗-安东尼说：“这个月太不讲理了，自从被交易之后就没休息过。我从丹佛来的飞机上一下来就参加了一场比赛。每隔一天我们就有一场球，无休止，连着背靠背。被交易时，我看到赛程，曾开玩笑说：‘我签约可不是为了这个。’”安东尼接着说：“我们知道作为一支球队这是很不讲理的赛程，我们想要克服它，为季后赛做准备。”阿玛雷-斯塔德迈尔称之为“这可能是我职业生涯最难的一个月”，这其中甚至有一场11月的补赛，最终尼克斯加时113-106战胜魔术。小斯说：“除了这个，我们还得习惯新队友。”三月开始的时候他们从没想到会是如此困难的一个月，二月最后一场比赛，他们带着重磅交易来的安东尼，战胜了热火，他们排名东部第六，寻思着爬上第五。三月份他们迎来6胜11负，战绩变成36胜38负，跌至第七。对阵魔术，安东尼拿下39分10个篮板，打出交易后的最好表现，但是此前10战9负。这让尼克斯球迷想起安东尼到来时他们有多兴奋，第二天，他交易之后的首个赞助商就在麦迪逊广场花园外面竖起了一个128尺的广告牌。安东尼说：“朝前走就好了，我们带来了很多兴奋，不仅是对球馆，更是对整个城市。所有人都对新尼克斯很兴奋。”他说这些话时，路过的球迷一边挥手一边喊着他的名字。连续四个主场，赢下魔术之后，他们将对阵篮网、骑士和猛龙，他们将努力避免被联盟最差球队骑士横扫。对阵胜率低于五成的球队，尼克斯战绩让人担心，之前他们分别两次输给雄鹿和步行者。战胜魔术之后，主帅迈克-德安东尼说：“太多比赛，太多夜晚，太多事情，谁知道原因是什么，有些事让你精疲力竭，而且你还搞不清楚为什么。但是拥有这样的努力，这支球队会团结一致，变得更好。”德安东尼一直在找原因，他认为训练时间太少，为了休息不得不压缩，他频繁改变排兵布阵，对阵魔术之前他甚至说“不确定谁该出战”。小斯露出了疲态，场均拿下25.5分名列得分榜第四的他，过去五场比赛有三场得分没超过16分。不过尼克斯相信对阵篮网之后的三天休息会让他们缓过来。德安东尼说：“这些家伙会有精彩表现，如果我们能保持强度保持紧张，我们肯定能走出低迷。”昌西-比卢普斯回归了，他们让德怀特-霍华德在上半场没有一次投篮得分，这让他们再次成为人们心目中首轮拦路虎，他们可以给凯尔特人和热火制造麻烦。德安东尼说：“我不会在事情发生之前去说什么，我们现在得向前走，变成对阵热火时的样子。”(春水方生),体育,35,魔术 对阵 交易 兴奋 赛程 休息 篮网 战胜 不讲理 热火
半场0篮板+全场吃4盖帽 支点垮了热火不输球才怪新浪体育讯热火在克利夫兰没能延续连胜的势头，整场都被对手压制，最终90-102不敌骑士。波什登场32分钟，贡献10分4个篮板和4次助攻。上一场对阵火箭砍下31分12个篮板的两双数据，波什显然也希望把这种状态带到今天的比赛中，开局就用一记大帽盖掉了希克森的跳投，给这个年轻后生一个下马威，不过这反倒是激发了希克森的斗志，而他的内线搭档莱恩-霍林斯也不甘落后，一记精彩的空中接力向波什示威。随后希克森强打篮下造成波什犯规，两罚一中。而直到4分56秒，波什才扣篮得手，随后他又中距离打板入框，连拿四分，帮助热火追平了比分。但随后希克森和霍林斯联手拿下8分，让骑士再次反超。而整个第二节，波什也只依靠上篮拿到了两分。半场结束时，波什只有6分入账，不过这还不是主要的，最丢人的是他篮板这项数据竟然是0，内线完全被对手控制。第三节，波什的表现依然没有起色，在弹跳力出色的希克森和霍林斯面前，他没有任何优势，每一次出手都异常困难。6分34秒，波什杀到篮下上篮，结果被霍林斯一个大帽扇掉，他捡起皮球准备再次上篮，又在霍林斯的干扰下投丢。直到4分11秒，他才完成一次扣篮，多少找回一些颜面，不过此时希克森已经刷下17分。平心而论，今晚的比赛就输在了波什一个人身上，正是因为他在内线攻防两端都没能站住位，造成了热火整场比赛都缺乏一个支点。全场比赛，波什只抢到了4个篮板，甚至跟他被盖帽的次数一样多，完全成了软脚蟹。任凭詹韦二人怎么发挥，热火都很难扭转局面，即便是第三节那波19-1的攻击波之后，也因为缺乏稳定的第三得分点，也没能延续下来。整场比赛，热火都是处在落后状态，最多也就是追平比分，竟然没有一次领先。事实上，波什并非能力不及，之前的比赛已经充分的证明了自己，因此他也没有什么在担心的了。关键在于，今晚的比赛波什似乎完全被对手的气势给吓住了，投不敢投，突也不敢突，就连罚球都不进，而霍林斯和希克森这种弹簧人的打法似乎也是打乱了波什自己的节奏。这样的一场球，还是需要波什自己能好好反思一下，虽然谁都有状态低迷的时候，可在骑士这种全联名倒数第一的球队面前低迷，是不是有点儿跌份儿了？(carry)新浪体育讯热火在克利夫兰没能延续连胜的势头，整场都被对手压制，最终90-102不敌骑士。波什登场32分钟，贡献10分4个篮板和4次助攻。上一场对阵火箭砍下31分12个篮板的两双数据，波什显然也希望把这种状态带到今天的比赛中，开局就用一记大帽盖掉了希克森的跳投，给这个年轻后生一个下马威，不过这反倒是激发了希克森的斗志，而他的内线搭档莱恩-霍林斯也不甘落后，一记精彩的空中接力向波什示威。随后希克森强打篮下造成波什犯规，两罚一中。而直到4分56秒，波什才扣篮得手，随后他又中距离打板入框，连拿四分，帮助热火追平了比分。但随后希克森和霍林斯联手拿下8分，让骑士再次反超。而整个第二节，波什也只依靠上篮拿到了两分。半场结束时，波什只有6分入账，不过这还不是主要的，最丢人的是他篮板这项数据竟然是0，内线完全被对手控制。第三节，波什的表现依然没有起色，在弹跳力出色的希克森和霍林斯面前，他没有任何优势，每一次出手都异常困难。6分34秒，波什杀到篮下上篮，结果被霍林斯一个大帽扇掉，他捡起皮球准备再次上篮，又在霍林斯的干扰下投丢。直到4分11秒，他才完成一次扣篮，多少找回一些颜面，不过此时希克森已经刷下17分。平心而论，今晚的比赛就输在了波什一个人身上，正是因为他在内线攻防两端都没能站住位，造成了热火整场比赛都缺乏一个支点。全场比赛，波什只抢到了4个篮板，甚至跟他被盖帽的次数一样多，完全成了软脚蟹。任凭詹韦二人怎么发挥，热火都很难扭转局面，即便是第三节那波19-1的攻击波之后，也因为缺乏稳定的第三得分点，也没能延续下来。整场比赛，热火都是处在落后状态，最多也就是追平比分，竟然没有一次领先。事实上，波什并非能力不及，之前的比赛已经充分的证明了自己，因此他也没有什么在担心的了。关键在于，今晚的比赛波什似乎完全被对手的气势给吓住了，投不敢投，突也不敢突，就连罚球都不进，而霍林斯和希克森这种弹簧人的打法似乎也是打乱了波什自己的节奏。这样的一场球，还是需要波什自己能好好反思一下，虽然谁都有状态低迷的时候，可在骑士这种全联名倒数第一的球队面前低迷，是不是有点儿跌份儿了？(carry),体育,36,整场 热火 缺乏 上篮 比赛 追平 状态 没能 骑士 篮板
来个得分狂从来“不设防” 辽宁外援风波暂告结束本报讯 记者李倩倩报道 春节假期期间，辽宁男篮悄然地完成了换外援工作。本周一，辽宁盼盼队招来原东莞队外援安东尼·迈尔斯，来替换掉能力一直饱受质疑的克里斯·理查德。而盼盼的另一名小外援多塔还留在队中。从忽然裁掉双外援，到先后通过“思想工作”劝回双外援，再到如今盼盼已经完成了一人次外援的更换，辽宁盼盼的外援风波又有了进一步的动态。昨日，克里斯已经离开了沈阳，盼盼队也已经完成了换援工作。目前，教练组表示对新来外援安东尼的能力很肯定，并相信他会比克里斯有更高效的表现。此番来到队中的安东尼是1982年生人，身高2米05，体重105公斤。 2002年至2004年期间，他曾代表沙维尔大学参加NCAA联赛。在2004年大学毕业后，迈尔斯曾参加过NBA纽约尼克斯队的夏季训练营但未能被NBA球队看中。随后去到西班牙，2004-05赛季他在西班牙联赛打了一个赛季，场均10分、9个篮板球。在2005-2006赛季，他加盟CBA的东莞队，场均得35分，是当赛季的CBA得分王，甚至一度被认为是CBA中技术最好的大前锋，直到2007-2008赛季被裁。在2009年安东尼还曾在NBL中代表黑龙江队出战。安东尼在东莞队的时候有相当不错的表现。不过要知道，当年的东莞队是一支重攻轻守的队伍，这也是安东尼火力全开的原因，而对于重视防守的辽宁盼盼队来说，安东尼若要有好的表现，就要从防守做起，尤其是篮板球。安东尼的身体素质还是不错的，当年他在东莞队比赛时表现出了不错的弹跳力，进攻方面也是技术全面，既能在篮下背筐单打，又有一手不错的中远投功夫。不过就跟当年的东莞队的特点一样，安东尼的防守能力差，与强力型的大前锋对抗并不占优势。相关链接辽篮外援风波回顾●1月20日，结束新疆客场之旅的辽宁男篮返回沈阳驻地，当晚就忽然地同时裁掉了盼盼队的双外援克里斯和多塔。同时，有网友在辽宁盼盼的贴吧里发布了一条劲爆消息：辽宁盼盼在接下来的半程比赛中将不再使用外援，重现全华班旨在为全运会锻炼队伍。●1月21日，辽宁盼盼坐镇主场，迎战青岛。辽宁盼盼果然派出了全华班迎战，赛后就连青岛队主帅都觉得意外。盼盼俱乐部当时给出的理由是：在球队回到沈阳的当天晚上，多塔·史密斯就被裁掉。而大外援因为听说自己也要被裁，在闹情绪，所以也就没来。●1月22日，辽宁盼盼队飞往福建，双外援皆未随行，助理教练员接君和翻译也未随队，俱乐部表示接君和翻译未能同行是因为要做闹情绪的克里斯的思想工作。●1月23日，辽宁盼盼客场负于排名垫底的福建队。与此同时，盼盼队教练组表示，两名外援已经被裁掉。裁员理由是：克里斯在进攻端的能力还是差一些；而史密斯态度不端正，防守上不能尽职尽责，而且也不容易管理。●1月24日，辽宁盼盼队方面表示将会继续找外援，不会一直以全华班出战。●1月25日，辽宁盼盼队“被裁掉”的外援多塔出现在了深圳机场，随后与球队在广东队客场中山会合。教练组表示：多塔表示回来后会好好打的。因为之前虽说要裁掉，但并没有解约，所以并不会占用换外援的名额。而裁员是为了换外援，为了找更好的，但没料到现在找好外援很困难。●1月26日，辽宁盼盼以单外援对阵广东队，广东队的双外援合力砍下55分，而单外援的辽宁盼盼以104：130大败对手。●1月28日，克里斯回归，双外援回归后的辽宁盼盼以106：98战胜江苏，止住五连败。●2月11日，盼盼将会以安东尼加多塔的双外援阵容迎战春节后的首场比赛。记者 李倩倩,体育,37,外援 裁掉 全华班 教练组 风波 了换 闹情绪 翻译 裁员 迎战
太阳三连败进季后希望渺茫 国王后劲十足连下四城新浪体育讯北京时间3月30日，太阳在客场以113-116不敌国王。国王(21-52)将赛季最长连胜延长到四场。马库斯-索顿24分11个篮板，本诺-乌德里19分5次助攻，德马库斯-考辛斯17分、8次助攻和7个篮板。替补出场的杰森-汤普森14分10个篮板，泰里克-埃文斯11分10个篮板。太阳(36-37)三连败，落后西部第八的灰熊四场半。贾里德-达德利21分，钱宁-弗莱21分9个篮板，马尔辛-戈塔特17分11个篮板，史蒂夫-纳什13分14次助攻，格兰特-希尔15分。在常规赛将结束时，两队心情各异。国王早无希望，最近反倒打得比较轻松。太阳则还有一线生机，不过最近状态不佳，今天再次失利后，希望越发渺茫。两队以攻对攻，这是太阳喜欢的风格，上半场他们以61-59略占优势。第三节过半时，太阳以80-71领先。格林和索顿相继三分命中，国王将差距缩小。本节最后3分14秒国王只得1分，太阳在三节过后以93-85保持优势。比赛还有8分51秒时，柴德里斯扣篮后，太阳还以102-93领先。索顿和埃文斯相继还以颜色，国王发动一波16-4的攻击波，在比赛还有3分37秒时以109-106反超。两队拼到最后一分钟。比赛还有1分11秒时，达德利中投命中，太阳以110-109超出，但他们只领先了18秒，索顿马上还以三分，国王再度领先。弗莱关键时刻三分不中，埃文斯两罚两中后，国王在终场前18.7秒以114-110领先。弗莱此后三分仍然不中，索顿又两罚两中，国王领先6分。弗莱在终场前10.7秒三罚三中，将差距缩小到3分，希尔此后抢断，可惜为时已晚。(吴哥),体育,38,国王 领先 篮板 终场 渺茫 相继 缩小 连败 助攻 差距
奇才两将不定何时复出 阿联离场只能用临时工顶缸新浪体育讯北京时间3月30日消息，据《华盛顿邮报》报道，奇才两名伤员尼克-杨和特雷沃-布克仍打算参加球队本赛季剩余比赛，但复出时间不定。在奇才100-95加时战胜爵士后，尼克-杨和布克在更衣室中与队友有说有笑，庆祝他们本赛季收获第二场客场胜利。尼克-杨和布克本想为球队取得这场胜利出一份力，但现在他们只能将注意力放在球队本赛季最后9场常规赛上了。对于美国时间周日能否复出，尼克-杨显得并不乐观，他在与勇士的比赛中复出，但没打几分钟便伤势复发离场，杨一度担心左膝半月板撕裂了，但随后的核磁共振检查显示膝盖并没有结构性损伤。“对我来说这已是不幸中的万幸了，”杨说——本月初他因左膝骨头挫伤错过了最近8场比赛中的六场，“我感觉已经好多了，只是目前有些情绪低落，不知道以后会发生什么事，现在一切状况都不错，所以我只需努力恢复等待复出。”杨是奇才对内得分王，现在他并不确定何时或能否回来。上次强行复出再次受伤很可能会使杨更加小心谨慎，也行本赛季不会回到赛场。“我还不确定，先看一段时间吧。”杨说。布克曾打算参加与爵士的比赛，但是他的右脚仍然酸疼令他最后放弃了。他将会接受一次核磁共振检查，主帅桑德斯表示全队都很期望布克能在奇才迎战迈阿密热火的比赛中复出，在和掘金比赛受伤前，布克在3月打的8场先发比赛中场均可以得到11.4分、7.6个篮板。“现在我的伤处还很疼，已经持续了一段时间了，站起活动的时候尤其疼，”布克谈起他的脚伤时说，而且他还表示不确定何时能复出，“核磁共振后能得出进一步结论。”球队人手短缺仍战胜爵士后，杨和布克向队友们送上祝贺，杨开玩笑称杰弗斯是“小布克”，在易建联6犯出场后，这位奇才10天合同签下的侧翼摇摆人在加时赛担任奇才大前锋，他防守做得不错，还抢下5个进攻篮板。杨对本场胜利很看重，此战过后他们又避开了一场耻辱纪录，1990-1991赛季萨克拉门托国王客场1胜40负，创下NBA球队单季最差客场战绩。“我们再也不是最差的啦。”杨笑着说。(草头王),体育,39,复出 奇才 核磁共振 离场 检查 爵士 比赛 一段时间 球队 最差
奇才状元只是被迫得分？ 沃尔欲与三双王并肩齐立新浪体育讯北京时间3月30日消息，据《华盛顿邮报》报道，华盛顿奇才在西区五连客的最后一场比赛中100-95击败了犹他爵士，状元秀约翰-沃尔表现出色，他全场出战50分钟，20投10中砍下28分6篮板7助攻，但《华盛顿邮报》专家迈克尔-李指出，本月沃尔的表现已经相当出色，堪称是生涯代表作。本月，沃尔打出了职业生涯的最高效率，作为一名新秀控卫，沃尔在本月14场比赛中，场均能砍下19.2分；他在对阵爵士的比赛中更是砍下了28分，而这28分，已经是他在本月第6次单场得分超过20分了。沃尔之所以能打出如此突出的表现，主要是因为其他球员——尼克-杨、安德雷-布莱切、拉沙德-刘易斯等人因伤无法出战。但是实际上，沃尔自己也不愿意这样，他更看重另一项纪录——作为新秀场均助攻达到两位数——这一高度自从1987-88赛季的马克-杰克逊(场均10.6次助攻)横空出世之后，就再也没人能达到。虽然沃尔从来没有公开说明，但谁都知道他的目标正是赶超杰克逊。但这个目标相当难以实现：奇才目前得分能力很弱，场均96.5分只能排在联盟第22位，而他们的命中率也只有44.0%，排名联盟第26位；三分球命中率只有32.7%，位居联盟第27位。进攻羸弱自然不利于控卫刷助攻，但尽管如此，沃尔在全明星周末前，场均还是送出了8.9次助攻，而在联盟历史上，场均能送出9次助攻的新秀只有4人而已。不过，进入3月后，由于得分任务太重，沃尔的场均助攻已经下降到7.5次，为职业生涯月度新低。沃尔在本月只有2次助攻上双，对阵金州勇士时，他送出12次助攻，对阵洛杉矶快船时，沃尔历经2个加时赛才送出10次助攻——同时，他也得到了生涯最高的32分。沃尔也凭借这次32+10的恐怖成绩成为自1968年2月24日的“黑珍珠”厄尔-门罗之后，奇才队史上第二位打出如此数据的新秀。现在，沃尔以场均8.6次助攻排名联盟第6，而本赛季常规赛还剩下9场，如果沃尔想要加入杰克逊、奥斯卡-罗伯特森、达蒙-斯塔德迈尔的“场均9助攻新秀俱乐部”，那么他还需要再送出103次助攻——也就是场均送出11.4次助攻。但问题是，如果奇才无法让其他有攻击力的球员及时复出，那么沃尔想做到这一点，无疑是相当困难的。但是，实际上沃尔的得分也不那么容易，作为一名新秀，防守球员通常不会“给面子”，防守动作非常大，甚至可以称得上是凶狠，在对阵爵士的比赛中，沃尔就多次被对手放翻在地。“在这整个一年里，人们总是放手来‘袭击’我，因为我是个菜鸟，他们不会有任何的保留。”沃尔也知道为什么受伤的总是自己，但显然，他并不惧怕粗野的对手，在对阵爵士的比赛中，他甚至在完成一次艰难的上篮后高举双臂作出健美动作，这种骄傲的反击正显示了沃尔强大的自信。或许沃尔无法在新秀赛季做到场均9次助攻，但如果他保持这种旺盛的攻击力，那么场均8.5次助攻也不是不能接受。(咕哒),体育,40,助攻 新秀 送出 对阵 爵士 攻击力 奇才 得分 华盛顿邮报 职业生涯
小牛vs快船前瞻：诺天王剑指洛城 格里芬如何突围新浪体育讯北京时间3月31日上午10点30，达拉斯小牛继续客场之旅，挑战洛杉矶快船，新浪视频将为您带来本场比赛直播。小牛连续六个客场作战，他们将在洛杉矶背靠背挑战快船和湖人， 小牛目前的战绩为52胜21负，距离西部第二的湖人只有1个胜场差，而在4月1日他们将背靠背挑战湖人，因此对小牛全队而言，此时根本不容犯错，必须在愚人节当天击败湖人，才能实现反超(如果取胜，小牛和湖人交手战绩为2-1，掌握主动优势)，更不用说赢下“本该拿下的比赛”。在六连客的前两场比赛中，小牛分别击败爵士和太阳，和太阳的比赛中，直到最后1分11秒两队还战至83平，但此后基德连续命中2个三分球，2次罚球，帮助小牛打出8-0结束比赛。小牛全队命中率仅有38.1%，诺维茨基19投6中拿到15分。在此前和爵士的比赛中，小牛同样未能在前三节拉开分差，最后一节凭借诺维茨基和特里的联手爆发才甩开对手。尽管拿下4连胜，但小牛近期表现并不稳定，12场比赛7胜5负，所输对手全部是西部前八队伍，七场胜利则只有尼克斯一个对手排在东、西部前八队伍行列。快船队则刚刚击败猛龙，克里斯-卡曼重新打上首发，在四场首发比赛中场均得到18.5分10.5个篮板，表现非常抢眼，莫-威廉姆斯也为后场注入强劲火力。然而在和小牛的交手中，快船总是力有不逮，已经连负8场，过去15战14负，两队最近4次在洛杉矶开战的比赛中，小牛场均净胜17.5分。本赛季的前两次交锋中，格里芬场均19分10个篮板，命中率只有35.5%。钱德勒不仅出色的限制了格里芬的发挥，同时在进攻端表现不俗，两场比赛投篮7中7，罚球15中15得到29分。两队预计首发：小牛：基德、布博瓦、马里昂、诺维茨基、钱德勒快船：威廉姆斯、戈登、、戈麦斯、格里芬、卡曼(木瓜丁),体育,41,小牛 快船 湖人 比赛 基德 首发 挑战 队伍 击败 交手
德雷克斯勒：洛瑞全明星数据 姚明在我们能争冠军新浪体育讯北京时间3月30日消息，火箭客场挑战新 泽西篮网，fox转播了本场比赛，比尔-瓦瑞尔和克莱德-德雷克斯勒担任解说。谈到海耶斯的三双，布拉德-米勒也是没有被选秀进入联盟拿到三双，共2次。镜头给到米勒时，比尔-瓦瑞尔开玩笑说，“他现在是火箭的助教。”洛瑞今天首节带伤首发出场，第一节还剩2分钟，他就得到了11分还有3次助攻，德雷克斯勒表扬到：“他是火箭的心脏和灵魂。他和查克。他掌控了这场表演。”比尔-瓦瑞尔也赞同：“自从交易后，这支球队现在是他的。”德雷克斯勒继续赞不绝口：“他打出了全明星的数据！”在库特尼-李与马丁空中接力扣篮后，第二节还有2分钟，火箭得到了55分，瓦瑞尔对于火箭进攻很满意：“火箭现在联盟进攻得分排名第二，他们打出了自己的节奏。”火箭一直都大比分领先，两位解说开始聊天，从NCAA Final 4到现场球迷太安静，到姚明跟随一起来到客场。瓦瑞尔说，“如果姚明在会怎样？ ”德雷克斯勒回答：“你开玩笑吗？那我们能竞争总冠军了！”火箭将20+的优势维持到最后，瓦瑞尔说：“孟菲斯和新奥尔良要争取全赢下来，因为火箭会在接下来的比赛尽全力的。”德雷克斯勒表示：“4月6日对黄蜂是非常重要的比赛，也许会决定谁能进季后赛。”最后，火箭以112-87赢得了本场比赛的胜利，明天将背靠背挑战76人。(张海彦),体育,42,火箭 开玩笑 解说 挑战 本场 数据 能争 聊天 尽全力 比赛
排球王子无愧总统接班人 有他在火箭大胜已是习惯新浪体育讯北京时间3月30日，火箭队客场112比87轻取新泽西篮网队，近7战取得6胜，继续排在西部第九并冲击着季后赛。主力小前锋蔡斯-巴丁格全场得到10分3次助攻，在有限的上场时间里有不错的效率。巴丁格在之前因为脚踝伤势缺席了与金州勇士的比赛，要知道，赛季初巴丁格就曾因为脚踝扭伤休养了好几个星期，而且复出之后用了很长时间来找回状态，况且这次受伤正是在火箭冲击季后赛的关键时刻，所以之前有很多球迷也是忧心忡忡。但他在上一场与热火的比赛中火线复出，面对三巨头贡献16分的巴丁格那场可谓表现不俗，本场继续担任火箭首发小前锋的他本场更是信心满满。开场巴丁格很快进入状态，火箭第一分便由他完成，他接到路易斯-斯科拉的助攻完成一记8英尺的跳投。随后一记外线三分助火箭在开局反超比分，在第一节末端，火箭的15比2的攻击波中，巴丁格的三分球和助攻也有着不小的贡献。之后火箭便一直大比分领先，脚伤还没有痊愈的巴丁格也被主教练保护，没有获得过多的上场时间。巴丁格复出之后优异的表现也和最近不错的心情有关，他和乔丹-希尔的母校亚利桑那大学在NCAA全国锦标赛连克孟菲斯大学和德克萨斯大学进入到16强，在16强中更是亚利桑那大学爆冷力克卫冕冠军杜克大学，火箭队在交易截止日送走杜克出品的主力小前锋肖恩-巴蒂尔，将亚利桑那出品的蔡斯-巴丁格推上首发小前锋，也和亚利桑那胜杜克的比赛相映成趣。可惜亚利桑那在随后的比赛中，惜败于康涅狄格大学，遗憾地被淘汰出局，未能挤进最终四强。如今的巴丁格坐稳火箭主力，也深得主教练阿德尔曼的喜爱，良好的运动能力很符合现在火箭的打法，在快速进攻中他总能冲在前面，外线的突施冷箭更是他现在进攻的主要武器和得分手段。比赛中巴丁格在底线或是45度角觅得空位，张手三分命中已成为丰田中心常见的情景。如此犀利的巴丁格，现在是火箭冲击季后赛的重要砝码，未来则将是火箭重建不可或缺的基石。(clay),体育,43,火箭 前锋 复出 冲击 主力 大学 出品 脚踝 火箭队 外线
杜兰特39分雷霆四连胜 勇士7秒2记三分进加时落败新浪体育讯北京时间3月30日，雷霆在主场加时以115-114险胜勇士。雷霆(49-24)在常规时间最后11秒丧失6分的优势，最终加时过关，取得四连胜。凯文-杜兰特拿下了39分、6个篮板和5次助攻，塞尔吉-伊巴卡19分8个篮板，拉塞尔-威斯布鲁克15分、9次助攻和8个篮板。詹姆斯-哈登14分。勇士(32-43)二连胜终止。斯蒂芬-库里三分球8投5中，拿下35分，大卫-李24分15个篮板，蒙塔-埃利斯20分11次助攻。杜兰特最近得分势头有所下降，今天面对勇士，正是他找回感觉的好机会。勇士虽然已经无缘季后赛，但最近表现不俗，给雷霆造成不小的麻烦。雷霆在第三节一度取得两位数的优势，但并未能保持。本节还有1分32秒时，库里上篮得手，勇士以74-73超出。哈登中投命中后，雷霆才再度领先。杜兰特投中一记压哨球，雷霆以78-77进入最后一节。第四节雷霆仍靠替补球员打开局面，穆罕默德和哈登相继得手，杜兰特也空中接力扣篮，雷霆打出一波8-0，在本节还有6分29秒时以94-85重新扩大优势。勇士仍不放弃，库里在常规时间结束前1分16秒三分命中，雷霆连续失手后，埃利斯上篮得手，在本节还有23.9秒时，勇士只以100-102落后。杜兰特两罚两中后，库里三分失手，威斯布鲁克抢下篮板，也罚中两球后，雷霆领先6分。比赛并没就此结束，最精彩之处才刚开始。威廉姆斯还以三分后，埃利斯在对方发底线球时直接抢断，在本节6.9秒也三分命中，勇士在不到7秒内连得6分，一举将比分扳平。雷霆已经准备开始庆祝了，没想到突然发生巨变。杜兰特最后一投不中，双方进入加时。雷霆在加时由杜兰特率先三分命中，但大卫-李此后两度获得“打三分”机会，一人连得5分，勇士以111-109反超。雷霆近4分钟未能得分，终场前1分31秒才由杜兰特三罚三中。不过埃利斯马上还三分，勇士再度领先。杜兰特中投还以一球后，双方再度战平。威斯布鲁克在终场前11.4秒两罚一中，勇士仍有机会，可惜最后一投不中，功亏一篑。(吴哥),体育,44,勇士 再度 不中 命中 连得 失手 得手 篮板 终场 大卫
洛瑞更衣室遭海爷恶搞 钢炮：取得胜利痛苦也值得新浪体育讯北京时间3月30日消息，火箭客场挑战新 泽西篮网，最终火箭以112-87赢得了本场比赛的胜利，赛后，凯尔-洛瑞接受了采访。洛瑞今天是带伤出场，上场比赛他扭伤了左脚踝，今天早上他没有参加投篮训练。但是洛瑞的表现一点也没受影响，反而拿下了16分10助攻7个篮板。赛后，更衣室里，洛瑞把脚泡在冰水桶里冰敷，海耶斯搞怪地向大家介绍：“你们想跟洛瑞说话吗？我告诉你们他在哪！”并且还扮演主持人介绍各路媒体：“我们有费城问询报、纽瓦克星报、哎哟，我们还有，这是哪儿……斯洛文尼亚的媒体！”引得大家一片哄笑。今天本来不应该上场，在被问到现在感受如何的时候，洛瑞表示：“现在确实很紧绷很酸疼，但是取得胜利的感觉很开心。这是一场对我们非常重要的胜利，我们明天要有一个崭新的开始。对我们来说很好的胜利。取胜了(什么痛苦)都值得。”洛瑞是费城人，因此明天将要回去见“父老乡亲”，当被问到需要多少球票送给朋友的时候，洛瑞笑道：“60张。我需要60张票。要是有人有票，联系我！”谈到火箭赛季初有些挣扎，全明星后却表现很好的原因，洛瑞说：“我们只是打球，最近，在全明星周末之后，每个人都知道自己的角色，我们打出了很好的篮球，每个人都知道自己的角色是什么，现在是什么情况。我们只是去争取获得每场胜利而已。”今天由于大胜对手，主力得到一些休息时间，洛瑞认为可以从中受益：“能让一些家伙得到些休息很重要，没有人打了30分钟，这很好，但是不管怎样还是背靠背，我们依然要集中精力，费城是一支很好的球队，在为更好的排名努力着。”有记者问这场比赛是否太过轻易赢得胜利，洛瑞摇摇头，“这对我们并不困难，NBA的每支球队都是好球队，有很职业的球员，在第三节我们曾经松懈了一些，但是我们重新掌握了比赛。”阿帅赛前曾经提到和洛瑞很有默契，教练和球员心有灵犀的重要性：“我认为很重要，他给我很多自由，他给了我自信，让我成为我所成为的控卫，不用沟通就能知道给谁球，怎么进攻，这点很重要。”今天洛瑞只差3个篮板就获得三双，当被问到是否意识到这一点时，钢炮露出了笑容：“我不知道，我没想过，我不追求那个。”(张海彦),体育,45,很好 问到 胜利 钢炮 角色 更衣室 介绍 值得 火箭 大家
湖人首要目标绝非追马刺 科比：打小牛才是真考验新浪体育讯北京时间3月30日消息，据《洛杉矶新闻日报》报道，外界最近都热衷于谈论洛杉矶湖人队是否有希望赶超领头羊圣安东尼奥马刺队的战绩，不过湖人队却并没有把这太当回事，在他们眼里，打好后天与排名上紧随其后的达拉斯小牛队的比赛才是重中之重。假如湖人队已经将他们球迷的胃口吊了起来，那要怪只能怪他们最近所取得的7连胜以及自全明星周末以来15胜1负的战绩。在击败了新奥尔良黄蜂队后，湖人队仅落后联盟榜首马刺队3.5场，后者已经遭遇了4连败，而队中三巨头均有伤在身，不过湖人队将在两天后迎战小牛队，这场比赛很有可能决定谁最终能够坐稳西部第二的位置，目前小牛队仅落后湖人队1场。主教练菲尔-杰克逊表示湖人队的首要目标是在常规赛结束时锁定联盟第二位置，而非追赶马刺队的战绩、赢得60场胜利或赶超上赛季的战绩。当然，假如他们继续能有如此出众的表现，那么在未来的1个多月里完全有可能取得更好的成绩，湖人队还剩下9场常规赛，而当务之急便是赢下后天与小牛队的比赛。“我能预见这会是一场对抗强度极高的比赛，这才是真正的考验。”科比-布莱恩特说，“我们要继续在需要改进的地方加倍努力，并远离伤病，与此同时，我们还要在防守端尽量减少犯错，总之有好多地方有待提高。”拜纳姆的状态回升的确棒了湖人队的大忙，这位过去几个赛季饱受伤病困扰的年轻中锋在过去10场比赛中场均贡献12.4分和13.6个篮板，“我会继续支持拜纳姆，看看他在过去6到8周里的表现。”控卫德里克-费舍尔说，“他的表现太突出了，理应获得称赞。”(喜欢),体育,46,马刺队 小牛队 战绩 考验 赶超 伤病 位置 目标 比赛 常规赛
火箭猛张飞1打3还要暴扣 他还是没真懂阿帅的意思新浪体育讯在火箭上一场比赛中，我们很高兴的看到，火箭的二年级新秀乔丹-希尔在比赛中的表现比起以前来有了很大的进步。希尔在篮下不再一味的躲着对手打，而是变得越来越强硬，就算对手在自己的面前，希尔依然会努力的冲上去，想要用扣篮帮助球队得分。在面对篮网的时候，希尔用自己的表现告诉了主教练和球迷，他在上一场比赛中的表现并不是昙花一现，而是真的在长期训练之后的一种领悟。在今天的第二节比赛还剩下8分36秒的时候，希尔接到了帕特森的传球之后，在内线直接就来了一个单手暴扣。而仅仅3分钟之后，希尔又连续两次对篮网的篮下发动了强攻。先是自己运球背靠防守球员的单打，效果不是很好，没有得分。接下去一次，希尔在罚球线稍微进去一点的地方接到队友的传球，这个时候希尔居然直接拿球就往内线冲了进去想要在篮下暴扣。这个时候篮下有三名篮网的防守球员，但是希尔依然想要表现自己强硬的一面。虽然最后扣篮未遂，被对手犯规，但是好歹也获得了两次罚球的机会。有些人做事只看结果不看过程。但是对于火箭的年轻球员来说，我们完全可以不看结果只看过程，至少希尔有着这样一份强硬的心，就已经足够。全场11分8个篮板的不错数据，也算是对希尔的一份褒奖了。当然，进攻上的不俗表现并不能掩饰希尔的缺点，在防守上，希尔还有着很大的不足。由于身体偏瘦，希尔在身体对抗上比较吃亏，这点在希尔和洛佩斯对位的时候，表现的尤其明显。在防守洛佩斯的时候，希尔基本上每次都只能用犯规来阻止对手。问题是，在第三节比赛还剩下4分58秒的时候，希尔发现，自己就算犯规，也无法阻挡洛佩斯的得分。裁判哨声响起之后，洛佩斯两分算，还获得了一个罚球的机会。连续几次被洛佩斯进攻得手，主教练里克-阿德尔曼也无法忍受希尔糟糕的防守了，用海耶斯将希尔换下了场。近4场，希尔的出场时间都比较少，今天打弱旅篮网，阿帅给了希尔难得的15分钟表现时间，想在火箭出头，希尔还得再加把劲。希尔的防守一直是他的软肋，他用自己的身体多过用自己的脑子。问题是，在联盟中，身体素质出色的球员比比皆是，但是却没有几个人的防守能够和火箭的海耶斯相比。在队伍中有着这么好的一个榜样，希尔平时也应该多请教请教，看看能给自己的防守带来怎么样的帮助。在这点上，帕特里克-帕特森明显要比希尔做的更出色。虽然说希尔已经逐渐明白了篮下的强硬，但是如果在防守上无法更进一步的话，恐怕到了比赛的关键时刻，最先被主教练换下场的球员还是他。阿帅向来喜欢聪明的球员，勇猛固然可喜，不过如果不能聪明的处理球，在老帅麾下的确很难有更多的机会。(嘟嘟),体育,47,强硬 防守 火箭 篮下 篮网 暴扣 身体 球员 请教 过程
浙江胜山西平队史16年最高分 丁锦辉爆发砍20+13新浪体育讯北京时间2月10日晚，CBA联赛第22轮，浙江队主场以136-109战胜山西队，迎来兔年的首场胜利。本场比赛浙江队得到136分，追平了球队历史上的最高得分，01-02赛季浙江队曾以136比151不敌吉林队。浙江队6人得分上双，威廉姆斯27分11个篮板6次助攻3次抢断，丁锦辉20分13个篮板4次助攻，布恩22分11个篮板，曹飞16分7次助攻，张春军13分，王大勇10分。山西队中，罗杰斯31分，段江鹏25分，魏明亮12分。浙江队篮板球多达58个，足足比山西队多出22个。首节比赛两队都没用换人，均使用首发球员打满首节。相比之下，浙江队五名首发球员得分比较平均，人人都能得分，给客队造成了不小的防守压力。另外，主队浙江的内线占据优势，对篮板球的控制明显好友山西队，这也使得浙江队获得了较多的投篮机会。本节结束前，丁锦辉接连突破得分，把分差拉开。首节战罢，38-28，浙江队领先10分。第二节比赛，在威廉姆斯的带领下，浙江队打出一波8-1的小高潮，继续扩大分差。尽管山西队要求暂停调整，但并未收到明显效果，分差继续扩大，最大时达到30分。第二节单节比分为33-15，半场比分为71-43，浙江队领先28分。第三节易边再战，威廉姆斯的进攻依然无人能挡，或突破或远投，疯狂砍分。另外，布恩同样找到感觉，接连在山西队篮下扣篮得分。在浙江队的如潮攻势下，山西队只能勉强抵挡，分差丝毫没有缩小的迹象。三节结束，102-69，分差达到33分。最后一节，浙江队的攻势仍然没有停息，布恩金立鹏默契配合，继续得分，115-79。虽然段江鹏、魏明亮为山西队接连投中三分，但已经无关胜负大局。最终，浙江队获得了比赛的胜利，山西队则遭遇3连败。技术统计(第久),体育,48,山西队 分差 得分 接连 明亮 攻势 扩大 篮板球 助攻 首发
火箭矮金刚变身篮板机器 不得分仍领火箭14-0高潮新浪体育讯在与热火这样的高端强队鏖战后，似乎不少球迷都已经认定，哪怕如今的火箭伤病缠身，他们依然能够算得上是一支强队。不看别的，光说战绩，如果放在东部，早就在季后赛中占据一席之地了。与火箭相比，没有德隆-威廉姆斯的篮网，绝对算得上是一支弱旅，而火箭搞定这样的球队要多久呢？事实证明，火箭只需要一节时间，便足以取得决定性的领先优势了。在第一节的后半段，火箭队就打出了一个14比0的小高潮，从一开始的僵持不下，一下子就将自己的领先优势打到了两位数，可以说奠定了最终的胜利。而在火箭这个决定了比赛最终走向的小高潮中，起到决定性作用的不是别人，正是在最近的比赛中状态极为出色的查克-海耶斯。可能不少人会有疑问，海耶斯本来全场比赛就仅仅拿到了8分14个篮板4次助攻2个抢断，在那个小高潮的过程中更是没有帮火箭在得分上作出什么贡献，为什么要说他起到了决定性的作用呢？但是有一点我们必须知道，有些人在球场上是天生的领袖，他改变球场的气氛，也许不需要自己拿到多少分数。只是需要在球队关键的时候，成为球队前进的助推剂，就能够帮助球队获得胜利。而海耶斯正是起到了这样的作用。在没有德隆-威廉姆斯的情况下，篮网最强的火力点就是他们的中锋洛佩斯了。而海耶斯在第一节对洛佩斯的防守可以说是相当的成功，洛佩斯在开场之后3次投篮尝试仅仅1次命中，而且在海耶斯神出鬼没的防守下，屡次被对手抢断。依靠着自己的抢断和防守，海耶斯成为了火箭这个小高潮的始作俑者。几乎每一次进攻，都是从海耶斯的篮板球或者是抢断发动；而篮网进攻，却一次次的在海耶斯的面前终结。此消彼长之下，火箭能够打出14比0的小高潮也就不足为奇了。不过海耶斯的好表现并不是昙花一现，他的努力几乎是贯穿全场的，他也得到了其他火箭球员无法得到的信任。在第二节比赛中，当洛佩斯面对乔丹-希尔连续得分的时候，里克-阿德尔曼的第一个反应就是将海耶斯派上场。虽然说洛佩斯在海耶斯上场之后还是拿到了不少的分数，但是阿德尔曼对海耶斯的这份信任，已经是火箭其他球员所无法拥有的了。而海耶斯也用自己的努力回报着主教练的信任，在第三节比赛还剩下6分25秒的时候，海耶斯连续抢到前场篮板球，在篮下发起二次进攻。要知道，有亨弗里斯和洛佩斯这样的大个子在，争抢前场篮板球对于海耶斯来说是一个多么难以完成的任务。但是全场比赛，海耶斯在第四节休息了很长时间的情况下，依然抢到了7个前场篮板球。要比篮网的两名大个子内线亨弗里斯和洛佩斯加起来还多。有些球员就是这样，当他们出场的时候，即便不能得分，也能够用自己的其他的方面来影响球队，来改变场上的气氛。也许是以前一直笼罩在姚明的光环下，也许是他的身高实在太不起眼，一直到了今天，我们才发现，海耶斯就是这样的球员。(嘟嘟),体育,49,火箭 决定性 篮板球 信任 篮网 起到 抢断 作用 算得 前场
热火命门竟被鱼腩无限放大 Big3真害怕捅这跟软肋新浪体育讯上一次回到克里夫兰打球，勒布朗-詹姆斯是毫不留情地在旧东家头上砍了38分，率队大比分获胜。很久之后，詹姆斯谈起那场比赛都还认为那是一场让热火开始腾飞的胜利。如今，在常规赛快要结束的当口，热火再度造访克里夫兰，若还能赢球，詹姆斯会不会认为这将是让热火在季后赛腾飞的胜利？只可惜的是，恐怕谁都没能想到，詹姆斯和他的热火居然在比赛中一度落后23分。最终，在自己最熟悉的快贷球馆，在曾经三次击败的对手面前，詹姆斯的热火以90-102败北。客观地说，今天这场失利，并不是詹姆斯的责任。全场，他拿到27分、12助攻和10篮板的三双数据，而且自从第一节得到13分之后，他再度得分就已经是第三节后半段了。这之间，他一直在为队友做球。遗憾的是，热火的老毛病今天又犯了。五连败期间，这个毛病就是备受诟病，后来的连胜暂时掩盖住了。今天碰上不要命的骑士，热火替补们的不堪大用又被无情揭开。可能会有球迷质疑，怎么每次输了球就是替补的责任？的确，从今天的赛场表现来看，热火先发中也有球员发挥的很可耻，比如说克里斯-波什，那真是思想有多软，波什就有多软。而且，今天对阵骑士，热火主观上也难免有轻敌思想。也不奇怪，东部前三碰上垫底球队，很难从一开始就打起精神。怎料，进不了季后赛的骑士今天完全是把比赛当季后赛在打。所以从开场热火的节奏就被骑士打乱了。替补的作用就应该在这时候体现，所谓旁观者清，替补就是应该在这种时刻发挥作用。结果，热火的替补们可能是在场边看球太过投入，上场之后同样是完全没有感觉。新科三分王詹姆斯-琼斯在首节剩不到三分钟的时候进场，埃里克-斯波尔斯特拉大概是指望用他的外线进攻来把比分拉近一些。可倒好，琼斯的第一次外线出手就被阿朗佐-吉封盖。第二节，热火还是指望用替补来冲击一下比分，改变一下比赛胶着的尴尬。同样，乔尔-安东尼近距离出手不中，埃迪-豪斯中距离跳投偏出，琼斯则继续在外线放风筝。第二节前半段，热火一直是由替补们在主攻，但始终无法得分，只能依靠德维恩-韦德孤掌难鸣。而骑士方面恰恰相反，这段时间内得分全部来自于替补，一举打出13-4的得分小高潮。从赛后数据来看，骑士5名替补出战，除了乔伊-格拉汉姆是象征性地走过场之外，其他4人出场时间都在20分钟以上，合力贡献了32分12助攻8篮板。而热火的5名替补，共计只得到6分1助攻和9篮板。板凳席上就差了26分，再加上波什今天实在不给力，詹姆斯和韦德两人去填这么大一坑？这真是勉为其难了。不是说输球就该热火替补承担责任，但客观事实已经说明了，有三巨头，特别是詹姆斯和韦德的存在，热火是全联盟空位投篮机会最多、投篮效率最高的球队之一。对豪斯和琼斯等人来说，他们的工作已经被极大地简化了。但今天这比赛，热火替补们无疑是表现不及格的，像新科三分王琼斯，三分线外居然5投0中。表现如此糟糕，输球还能逃得了罪责？(XWT185),体育,50,热火 替补 骑士 外线 三分王 新科 责任 碰上 指望 得分
热火高昂代价换神枪回归 残酷现实证用他如练七伤拳新浪体育讯迈阿密热火90-102输给克里夫兰骑士，但这场耻辱的输球也换回了一些有价值的东西，比如老将迈克-毕比拿下23分，投中7个三分球，展示了他的进攻能力。尽管球队名列联盟倒数第一，与王师热火对抗，无疑就是以卵击石，但是骑士并没有放弃，而是切实的思考了应对之法，他们将此前几场比赛一直替补出战的拜伦-戴维斯调上首发，这恰好打在热火的七寸上。对位防守的毕比在此前的比赛中已经充分暴露出自己防守的弱点，而戴维斯在比赛一开场就连连传出空中接力好球，让骑士球迷享受到了快船球迷一般的盛宴待遇。这并没有让热火警醒，此前几场比赛随随便便就取胜让他们吃到了甜头，他们相信三巨头只要末节发力就能轻松搞定。但是骑士替补上场之后，攻势依然不减，防不住戴维斯，面对雷蒙-塞申斯和丹尼尔-吉布森，毕比还是如漏鱼之网，形同虚设，到了末节热火才如梦方醒，分别让勒布朗-詹姆斯和德维恩-韦德防守过对方后卫，但是为时已晚。这应该是热火教练组早就预料得到的情况，并非毕比一人之过。而且毕比在进攻端实在太过抢眼，完全可以弥补防守方面的过失。本场毕比11次出手全部都在三分线外，命中率也十分惊人，只失手了4次。这在毕比的职业生涯来说都是不多见的，1998年进入联盟以来，毕比只有三次三分球命中7次以上，2007年2月29日国王对阵山猫的比赛中，他三分球10投7中；2010年3月6日老鹰对阵勇士的比赛中，他三分球9投7中；2007年3月26日国王对阵太阳的比赛中，他更是12投9中，9个三分球也是他的单场命中最高纪录。比赛第一节、第三节和第四节一开始毕比就分别投中一个三分球，而第四节剩下6分52秒时，毕比投中第7个三分球，将两队比分扳成83平，那也是热火本场比赛最接近胜利希望的一次。现在难题就摆在这里，毕比对进攻又很大帮助，但防守是太大的漏洞，用他好比练七伤拳，进攻虽然威猛，但对自身的伤害也是相当之大，就看主帅如何调兵遣将扬长避短了。(春水方生),体育,51,毕比 三分球 热火 比赛 投中 骑士 防守 对阵 进攻 国王
现场：三记三分抢断快攻 带伤洛瑞轰14分势不可挡新浪体育讯北京时间3月30日消息，火箭今天转战新泽西迎战篮网，这也将是他们此次东征3场比赛中最有把握赢下的对手，而如今每一场胜利都会增加火箭队取得季后赛资格的筹码。海耶斯防守犯规，洛佩斯两罚一中。火箭已经三个回合的进攻不能得分，洛瑞左翼45度角出手，命中三分。巴丁格保住防守篮板，马丁突破扣篮还以颜色，火箭7比6一举取得领先。巴丁格也飚中三分，洛瑞突破跳投命中，火箭12比8领先，篮网立刻要了短暂停。武贾西奇状态不错，连得4分，莫罗底线跳投建功，双方战成12平。眼看篮网再度反超，洛瑞左翼三分线外发炮，又是一个三分。可是随后法玛尔接洛佩斯中路的分球，也中三分。沉默半节的斯科拉终于篮下强攻得手，首节过半，两队战成17平。篮网暂停回来，佩特罗换下了洛佩斯，莫罗跳投不中，亨弗里斯跟进补篮，连续三次起跳将球送进篮筐。火箭内线空虚，篮板球上再度落了下风。凭借海耶斯的罚球，火箭紧追对手。洛瑞突破上篮，同时造成了武贾西奇的犯规，加罚也中。奥特洛跳投不中，海耶斯抢下篮板，火箭快下，斯科拉右侧底线附近接球，跳投再取2分。火箭取得了5分的优势。火箭暂停回来，帕特森上篮得手，巴丁格又中三分，连取5分之后，火箭将优势进一步的扩大。帕特森抢下篮板，火箭下快攻，海耶斯底线上篮不中，佩特森跟进二次进攻得手。洛佩斯弧顶接球突破上篮，同时造成火箭的犯规，不过加罚不中。洛瑞回敬又一个三分。尤佐脚下拌蒜，自己摔倒，洛瑞趁机从背后抢断，前场形成一对一，洛瑞抢先上篮，不想被跟进的洛佩斯一个大帽扇掉。火箭34比21领先结束第一节的比赛。洛瑞单节14分，他还有3次助攻和2个篮板，巴丁格得到8分，海耶斯得到6个篮板；篮网队的法玛尔得到6分，亨弗里斯得到4分和9个篮板。(暖暖),体育,52,火箭 跳投 上篮 篮网 底线 篮板 跟进 加罚 战成 得手
现场：勒布朗不露面球迷大喊逃兵 撒镁粉照办不误开场奏国歌时，克里夫兰现场的球迷大喊“Quitter(逃兵)”，显然又是在针对勒布朗-詹姆斯，而皇帝也很识趣，此时也并没有出现在球场上列队唱国歌，而是直到现场解说介绍骑士球员出场时才在板凳席露面。不过，赛前撒镁粉的老规矩，詹姆斯还是照办不误。希克森开场的跳投就被波什大帽盖掉，不过戴维斯还是命中一记三分，随后毕比三分还以颜色，但戴维斯马上空中接力助攻霍林斯扣篮得手。本赛季戴维斯送出的助攻大部分都是空中接力，上半赛季在快船跟格里芬玩儿，下半赛季到了骑士，希克森、霍林斯们的弹跳力也不逊于格里芬。9分38秒，希克森两罚一中，阿隆佐-基跳投得手，帕克也投篮命中，骑士取得了10-3的开局。第一节比赛进行到7分54秒，詹姆斯接韦德传球打板投篮命中，这是他本场比赛个人得到的首个两分。韦德随后两罚两中，詹姆斯骗得犯规，完成一次2+1。5分45秒，丹皮尔在霍林斯身上犯规，此时韦德怒火中烧，上前挑衅，裁判立刻给了霍林斯和韦德各一个技术犯规，息事宁人。波什是三巨头中最晚得分的，4分56秒，他接到詹姆斯的传球双手扣篮，拿到本场比赛个人的首个两分，紧接着又是打板跳投得手，靠着波什的连拿4分，热火把比分追成了14-14。连续接到詹姆斯的传球得分，波什也投桃报李，3分38秒，他助攻詹姆斯中距离出手命中，双方打成16-16。第一节比赛还剩1分50秒，詹姆斯再次骗得阿隆佐-基犯规，完成2+1，随后他又杀到篮下，而憋足了劲儿想给皇帝一个大帽的希克森冲上来，在空中撞翻詹姆斯，被裁判吹罚犯规，詹姆斯两罚两中。随后，詹姆斯再次杀到篮下，这次犯规的变成了吉布森，可惜皇帝两罚一中，随着霍华德的压哨投篮命中，热火在首节比赛结束时把比分追成24-24。(carry),体育,53,犯规 命中 露面 镁粉 照办不误 大喊 逃兵 皇帝 传球 打板
现场：洛佩斯一己之力苦撑 洛瑞玩大了投出三不沾新浪体育讯北京时间3月30日消息，火箭今天转战新泽西迎战篮网，半场他们61比43领先对手。这一节还有9分钟，篮网继续进攻，亨弗里斯底线接球，360度转身之后，腾空上篮，篮下的海耶斯也只能看着叹一口气了。命中率逐渐的下降，洛瑞底线跳投不中，海耶斯人群中连抢两个前场篮板，可惜都未能命中。知道5分56秒，马丁的三分才打破了沉寂。分差被拉开到了20分。法玛尔和武贾西奇都回来，篮网需要他们的火力。可是仅仅两个回合，洛瑞与斯科拉的配合，后者轻松上篮。法玛尔跳投不中，海耶斯抢下篮板，洛瑞如法炮制，斯科拉底线接应，顺势上篮。马丁跳投再中，火箭领先了26分。洛瑞抢投三分，竟然是个三不沾。武贾西奇两罚全中。洛瑞发动快攻，却将球传出了底线。火箭要了暂停。法玛尔命中三分，火箭虽然连续的抢下防守篮板，但进攻端只开花不结果。1分36秒，洛瑞突破分球，帕特森高位跳投才重新开始得分。马丁跑投不中，佩特罗抢下篮板，篮网进攻中，洛佩斯突破底线后分球，底角的莫罗接球，虚晃一枪，让火箭防守扑了个空，再度起跳命中三分。随着小李的扣篮，火箭83比63领先20分结束第三节的比赛。马丁得到20分，洛瑞得到16分、10次助攻和7个篮板，海耶斯得到6分和13个篮板，斯科拉得到8分和8个篮板，巴丁格得到8分；篮网队的洛佩斯得到22分，法玛尔得到9分和7次助攻，莫罗和武贾西奇各得到9分。(暖暖),体育,54,底线 火箭 篮板 篮网 跳投 抢下 上篮 接球 领先 命中
现场：球迷竟忘记嘘勒布朗 戴维斯压哨三分不讲理新浪体育讯北京时间3月30日，热火客场挑战骑士。靠着霍华德的压哨投篮命中，热火在首节比赛结束时把比分追成24-24。骑士的几名替补球员表现的非常不错，尽管他们都是一年级球员，跟詹姆斯没有任何交集，但能看出他们还是想在三巨头面前表现一下自己。8分48秒，哈兰高迪转身投篮命中，韦德上篮还以颜色，但哈兰高迪马上就命中一记三分球。7分30秒，艾恩加从伊尔戈斯卡斯手中断球扣篮得手，骑士把分差拉大到了9分。第二节比赛还剩6分47秒，霍华德勾手投篮命中，紧接着韦德反身上篮拿下两分，吉布森3分命中，琼斯跳投还以颜色。双方你来我往，因为骑士表现的很好，始终保持领先局势，而场边的球迷也似乎忘记了嘘勒布朗，而是一致的在为主队呐喊助威。骑士在球迷的呐喊下也是越战越勇，5分20秒，霍林斯两罚一中，艾恩加中投得手，随后霍林斯两罚全中，在戴维斯跳投得手之后，骑士又是一波7-0，已经把分差扩大到了13分之多。热火赶紧叫了暂停调整，而戴维斯在走向场边时还不断地扬起双手，招呼球迷发出更大的呼喊声。不过这个暂停并没有起到太大作用，帕克的三分球让骑士的领先优势扩大到了16分之多。直到2分13秒，韦德的扣篮在结束了热火三分多钟的进球荒，随即波什也上篮得手，毕比骗得希克森犯规，两罚两中。29.9秒，艾恩加的上篮被波什盖掉，詹姆斯捡起皮球发起快攻，随即甩给前场的韦德，闪电侠拿球直接上篮得手。热火还了一个8-0。而在戴维斯命中一记不讲理的压哨三分之后，半场比赛结束，热火42-53落后了11分。詹姆斯13分6助攻，韦德12分，波什6分；骑士方面，戴维斯8分，希克森9分，霍林斯8分。(carry),体育,55,骑士 得手 上篮 命中 压哨 热火 随即 球迷 不讲理 颜色
现场：球迷螃蟹手势辱皇帝走步 压哨三分难倒裁判新浪体育讯北京时间3月30日，热火客场挑战骑士。在戴维斯命中一记不讲理的压哨三分之后，半场比赛结束，热火42-53落后了11分。第三节比赛进行到7分25秒，希克森造成毕比犯规，两罚两中。7分1秒，戴维斯运球到前场组织进攻，距离三分线一步远的距离突然把球抛向空中，右侧插上的阿隆佐-基隔着两个人球跳起到空中，接球双手暴扣，扣完还做了一个引体上上的动作。随后波什强打篮下，先是被霍林斯盖掉，抢下篮板再次出手又被干扰，而骑士回身就由帕克投中一记三分球，骑士把分差拉大到了19分之多。大比分落后的热火似乎还是没找到太好的解决办法，詹姆斯的犯规让希克森获得了两次罚球的机会，在他稳稳的两罚全中之后，分差已经被拉大到了21分，而在希克森中距离命终之后，骑士打出一波18-0的攻击波，领先了热火足足23分之多，而热火整场比赛竟然没有一次领先。第三节还剩4分45秒，詹姆斯突破分球，助攻毕比三分命中，终于打破了热火长达6分钟的得分荒。塞申斯中投不中，詹姆斯抢下篮板后组织反击，妙传篮下的波什，后者扣篮得手。韦德也在此时爆发，先是突破造成吉布森的犯规，两罚全中，随后又接到詹姆斯的传球3分命中，2分19秒，韦德接詹姆斯传球再次命中一个3分，热火瞬间把分差追到只落后11分。有意思的是，詹姆斯的得分仍旧定格在首节的13分，整个第二节和第三节大半，詹姆斯竟然一分未得。2分5秒，毕比断下塞申斯的皮球传给詹姆斯，皇帝马上甩给无人防守的韦德，闪电侠扣篮得手。1分6秒，詹姆斯强突篮下上篮命中，还造成了哈兰高迪的犯规 ，终于结束了两节比赛的得分荒，只可惜皇帝加罚没能命中，不过热火抢下进攻篮板，詹姆斯篮下本身单打得手，皇帝一波进攻拿下了4分。靠着这波19-1的攻击波，热火又把比分追到67-72，只落后五分。第三节最后16.9秒，詹姆斯强打篮下，一系列的脚步动作之后没有甩开防守队员，反倒是被裁判吹了走步，场边的球迷还饶有兴趣的做出了螃蟹的动作羞辱皇帝。第三节结束前1.9秒，艾恩加三分命中，而詹姆斯回身接到队友发出的底线球就扔出一个超远距离三分球，皮球应声入网，而裁判第一时间也并没有看清是否有效。在场边观看回放将近十分钟的时间也没法断定，他们甚至还跑到Sun Sports两位解说那边索要视频画面，结果后者也没有。三个人坐在一边又商量了半天，决定算球为进，评判理由是，詹姆斯后场拿球时还剩2.1秒，应该足够出手，最终认定这个进球有效。(carry),体育,56,热火 皇帝 命中 篮下 落后 毕比 动作 骑士 走步 回身
皇帝骑士23号能否退役成疑 詹姆斯：若能我将很感激新浪体育讯北京时间3月30日 勒布朗-詹姆斯离开骑士队后第二次返回克里夫兰。这次与第一次不同，詹姆斯没能带走胜利。而关于球衣号码退役的问题再次摆在詹姆斯面前。詹姆斯并不肯定、也并不知道骑士是否会退役他穿了7年的骑士球衣。但他表示，如果骑士退役了他的23号，那他会非常感激。詹姆斯是骑士队史上总得分、总出场时间、总抢断次数的第一名，总助攻数排在第二位。詹姆斯过去曾经说过，他希望有一天能看到印有James的23号球衣悬挂在速贷球馆天花板上。不过去年夏天的转会让詹姆斯与克里夫兰产生了严重隔阂，因此他不确定他的老东家将来是否会这么做。“这件事将来会不会发生我现在很难知道，也是我无法左右的。”詹姆斯说。“不论何时，球衣在一支球队退役都是一种赞美。我的高中把我当时的球衣退役了，当我知道这件事时，我有种难以置信的感觉。如果这里的人也愿意这样做，我会非常感激。”与詹姆斯一道加盟热火的老将兹德鲁纳斯-伊尔戈斯卡斯倒是另外一种情况。虽然他也离开骑士去了热火，但球迷不认为他是“叛逃者”，大Z是骑士队史上出场次数最多的球员，他的球衣很可能将来在速贷球馆高挂。(Zorro)新浪体育讯北京时间3月30日 勒布朗-詹姆斯离开骑士队后第二次返回克里夫兰。这次与第一次不同，詹姆斯没能带走胜利。而关于球衣号码退役的问题再次摆在詹姆斯面前。詹姆斯并不肯定、也并不知道骑士是否会退役他穿了7年的骑士球衣。但他表示，如果骑士退役了他的23号，那他会非常感激。詹姆斯是骑士队史上总得分、总出场时间、总抢断次数的第一名，总助攻数排在第二位。詹姆斯过去曾经说过，他希望有一天能看到印有James的23号球衣悬挂在速贷球馆天花板上。不过去年夏天的转会让詹姆斯与克里夫兰产生了严重隔阂，因此他不确定他的老东家将来是否会这么做。“这件事将来会不会发生我现在很难知道，也是我无法左右的。”詹姆斯说。“不论何时，球衣在一支球队退役都是一种赞美。我的高中把我当时的球衣退役了，当我知道这件事时，我有种难以置信的感觉。如果这里的人也愿意这样做，我会非常感激。”与詹姆斯一道加盟热火的老将兹德鲁纳斯-伊尔戈斯卡斯倒是另外一种情况。虽然他也离开骑士去了热火，但球迷不认为他是“叛逃者”，大Z是骑士队史上出场次数最多的球员，他的球衣很可能将来在速贷球馆高挂。(Zorro),体育,57,球衣 退役 骑士队 骑士 非常感激 速贷 离开 次数 球馆 出场
篮网瑰宝一数据历史第二 德隆：他是每个控卫的梦新浪体育讯北京时间3月30日消息，据《新泽西》网站报道。每一个控球后卫最大的梦想，就是有个终结能力超强的搭档。把球投进，获得胜利。对于新泽西篮网的德隆-威廉姆斯来说。安东尼-莫罗就是他最理想的搭档，“他是控球后卫的梦想”。而对于篮网来说，除了交易来德隆，能在休赛期换来莫罗，是他们最大的收获。莫罗从小到大一直不间断的事情之一，就是投篮、投篮，不停的投篮。通过努力他收到的回报是，生涯目前三分命中率44.8%，在联盟历史上排在第二位。对于一个三年前未能被选中的一名球员来说，这是一项莫大的荣誉。而且现在他在篮网有着不可取代的低位，尽管只拿着3年1200万美元的合同，但这些对他来说已经是一种巨大的收获。“伙计，这真是太棒了，这是一种上天的恩赐，”莫说说起自己能在NBA找到自己的归宿。“为此我每天都感谢上帝，这些情节大概是在电影中才能看到的吧。所以我怀着感恩之心，回报邻居，回报社区，一直给人们讲述我的故事。”莫罗的前两个赛季是在金州勇士度过，新秀赛季他就能每场贡献10分，三分命中率高达46.7%。第二个赛季同样有45.6%，正是这种表现吸引了篮网的眼球。“投篮是我们最薄弱的一个环节，”篮网总经理鲍比-马克思说。“过去几年，我们就已经开始注意他了，而且他身上是不受保护的小合同，所以他着实是那个我们所需要的球员。”无疑篮网这次选择是正确的，莫罗成了他们休赛期最成功的收获。数据证明了一切，莫罗场均为篮网贡献13.2分，在三分线外命中率有42.4%。职业生涯到目前为止仅次于史蒂夫-科尔的45.4%位列NBA历史第二位。“我只碰到过一位像他这样的球员，那就是凯尔-科沃尔，莫罗简直就是一个神投手，”德隆说。“这样的球员，就是每个控卫的梦想，因为如果你把球传出去没人能投进，这会让人抓狂。”(老白),体育,58,篮网 回报 梦想 收获 投篮 历史 命中率 合同 投进 控球
火箭旧将斯奈德要打回中国 山东否认接触前得分王本报综合报道 因春节休战了10多天的国内CBA联赛，将于今日重燃战火。今日除了浙江稠州对山西、天津对东莞的两场比赛提前举行外，其余对决明日都将粉墨登场，其中北京主场迎战广东的当算本轮焦点战。广东和北京两队年没过完就已经开始集训。在第一回合的交手中，北京客场拿下广东。这一次广东队的双外援面对北京队的三外援，将是两支球队最强劲的一次对话。在最近五个赛季中，北京从来没有在主场赢过广东，本场比赛不知道北京能否创造历史。尽管休战期间没有比赛，不过篮球新闻却没有断过。先是传出之前效力广东队的“死神”帕克体重至少暴涨了20公斤，目前在希腊打球的他明显发福，不过依然还有很强的进攻能力。随后就有来自美国媒体报道称，曾效力过浙江万马(现浙江稠州的前身)的前火箭球员斯奈德，已经出狱并继续自己的篮球生涯。之前斯奈德在美国因为半夜私闯邻宅并袭击别人而被判入狱，这次重获自由身的斯奈德据说将投奔山东队。山东队此前找来了一位身高1米73的艾伦替代者，但是经过试训之后俱乐部对这位超级小土豆并不满意，目前艾伦依然将留在队中。而山东队表态，并没有接触过前CBA得分王斯奈德。,体育,59,接触 休战 外援 得分王 篮球 出狱 打回 综合 入狱 没过
纳什背大肚前妻偷腥浪女 豹纹豪乳撩动他的心(图)新浪体育讯史蒂夫-纳什是个好人，他创立的基金会让成千上万的家庭和儿童感受到了来自一个好人的温暖，他拥有明朗的笑容，看起来就像一个邻家大叔一般和蔼可亲。但是这位好人的爱却似乎很难给一个女人，一个跟了他如此多年的女人，一个刚刚为他生下儿子的女人。是的，纳什容忍不了他的妻子，去年11月12日晚，纳什正式宣布和刚刚为他产下麟儿的妻子阿莱简德拉-阿玛丽拉离婚。理由呢？理由不祥。有消息说，阿玛丽拉向密友控诉，离婚是因为自己实在无法忍受纳什的家庭暴力。但是又有消息说，纳什离婚是因为他发现妻子和巴博萨有染，这个孩子实际上是这位巴西黑人的后代，所以生下来就离婚也是顺利成章的事情，当然，根据这个消息，巴博萨被交易到猛龙队也是事出于此。然后现在又有最新消息称：纳什离婚是因为他自己早就背叛了妻子。据无所不在的“内部人士”(又名知情人士)透露，纳什早在去年7月份就开始同一位名叫布里特尼-理查德森的黑人妇女私通，目前两人仍然保持着不可告人的关系。去年7月？那正是阿玛丽拉怀孕期间。又是一桩“罗生门”，其间真相，只怕唯有当事人才会知晓了。只是那个可怜的孩子，将来面对纳什时，该如何开口叫一声“爸爸”？(三儿),体育,60,离婚 妻子 好人 女人 黑人 孩子 理由 刚刚 消息 名叫
罗斯学会跳投沃尔也能？ 新状元：我可以做得更好新浪体育讯北京时间3月30日消息，据hoopshype报道，华盛顿奇才当家球星约翰-沃尔已经相当犀利了，但如果他能跟随师兄德里克-罗斯的脚步前进，那么沃尔无疑会更加可怕。考虑到一名球员的能量足以让巴拉克-奥巴马总统爱上一支球队，或许总统先生会在日后爱上奇才。众所周知，罗斯在2008年以状元秀之尊加盟芝加哥公牛，但因为他只在约翰-卡利帕里的孟菲斯大学打了一年，因此跳投还相当不稳定。但从那时起，罗斯就已经开始逐步加强自己的投射能力，现在，他的投篮已经比较稳定，而且本人也成为NBA常规赛MVP的最大热门，同时，公牛也成为奥巴马总统最喜欢的球队之一。现在，沃尔也有机会重现师兄罗斯的生涯轨迹，他甚至有机会让奥巴马也爱上奇才——沃尔也同样是卡利帕里门下，只是他的跳投也和师兄罗斯当初一样烂。“我的目标是要达到他(罗斯)的水平，甚至更好，”沃尔在接受采访时说，“罗斯为了进步花费了大量时间，而这也是我要做的。”“我知道很多球队会故意放我空位投篮，在很多比赛中，我手感不错，而且也命中了投篮，但是在一些比赛中，我可能只能命中四分之一的空当球，”沃尔承认自己的投篮不够稳定，“我想，如果我能提高投篮稳定性，那么就会让对手更难防守我。德里克就是这么做的，现在想要防守他确实更艰难了。”的确，罗斯现在已经显著地提高了自己的命中率，新秀赛季，他的三分球命中率仅有22.2%，一共只投进16个三分球，但现在，罗斯的三分球命中率已经达到32.9%，命中数也已经达到了112个。而沃尔目前三分球命中率只有29.0%，这显然不够看，而沃尔自己也表示一定会在新赛季加强自己的投篮。“我会尝试着一天投1000个球，”沃尔说，“但是我想我会练一下真正的跳投。上个休赛期，我也练了跳投，但那并不是真正的跳投，那只能算是踮投。但你在联盟中打球时不可能踮投。现在大家的速度都很快，防守很到位，所以你会看到，明年我一定会带着更好的跳投回来的。”“一旦沃尔真的练出了稳定的跳投，而且获得了更大的信心，那就真的恐怖了，”奇才球员莫里斯-埃文斯说，“在这个联盟中，他仅凭速度就已经相当恐怖了，如果再加上他的其他运动天赋，再加上跳投，那就真的太可怕了。”“沃尔未来会成为一名全明星球员，”掘金主帅乔治-卡尔说，“他现在还不够稳定，但在某些比赛中，他确实让人印象深刻。”沃尔的个人能力确实很强，但问题是，现在奇才已经没有人能充当他的导师，沃尔自己也认识到了这一点：“以前有吉尔伯特(阿里纳斯)，我能听到他的指导，他会教我有关篮球和比赛的知识；后来，他们送走了吉尔伯特，但我还有科克(辛里奇)，这也确实对我很有帮助。现在，我要学习就只能靠自己了。这非常困难。当初有吉尔和科克时多好啊，吉尔能教我进攻的经验，而科克能帮我掌握防守的技巧。”“他和当初的德里克非常像，”奇才主帅桑德斯说，“现在人们对德里克的进步有很大兴趣，在这一年里到底发生了什么事，让他迅速提高了跳投能力，从一名全明星球员成长为MVP？当然约翰也是如此，如果他能提高投篮的稳定性，那么他会更难被防守，这支球队也会变得更好。”(咕哒),体育,61,跳投 投篮 稳定 奇才 总统 三分球 命中率 防守 稳定性 恐怖
西部第九阿帅拒绝摆烂：努力赢下尽可能多的比赛新浪体育讯北京时间3月30号(新泽西当地时间3月29号)消息，休斯敦火箭队今天作客新泽西，挑战篮网队。这是火箭队连续三个客场的第二场。今天的比赛之前主教练阿德尔曼接受了媒体的采访。火箭队现在还没有放弃季后赛的希望，他们现在排名西部第九，距离灰熊还有一定的差距，今天对篮网的比赛自然也是异常关键。阿德尔曼表示球队曾经考虑过摆烂。他说：“ 在交易截至日期之后，我们大家坐下来讨论了一下，看看我们需要以什么样的方式结束这个赛季。然后我们决定仍然努力的赢下尽可能多的比赛，然后到赛季末的时候看我们在什么样的位置。”作完决定之后球队就向季后赛发起了冲刺。“ 在过去的三周里，我们正是这样去做的，首先我们努力回到了50%的胜率之上，现在我们则试图反超灰熊队。我们球队现在不能承受两连败，因为这样就会被灰熊彻底拉开。球员们都很清楚这一点，在上次输给马刺之后，他们的表现就立刻反弹了。”在前天负于迈阿密热队之后，火箭队在今明两天背靠背连续打篮网和76人。休城的媒体也普遍认为火箭队这次的客场之旅会输给热火和76人两支球队。后者在主场也经常给火箭队带来麻烦。对于76人队，阿德尔曼说道：“ 在全明星赛之后，76人的表现相当不错，在过去两年中他们在冲向季后赛的收官中都打得很好。现在道格-克林斯的主教练干的不错，他将这些球员很好的捏合在了一起。我看了昨天他们主场战胜公牛的比赛，我觉得这支球队绝对会给我们带来麻烦的。他们的运动力很好，往蓝下突破很坚决，而本来保护本方的禁区就是我们的弱项，这样类型的球队一直就很克制我们球队。不过我现在还没有时间去考虑他们，我们还是先打好今天的比赛吧。”火箭与篮网的比赛即将开始，希望球队忘掉上一场的失利，今天顺利的拿下东部的弱队篮网队。(休斯敦华夏时报 火山鸟),体育,62,火箭队 球队 摆烂 篮网 比赛 网队 赢下 媒体 主教练 输给
调查-如何评价詹姆斯砍下三双热火客场不敌骑士？新浪体育讯北京时间3月30日，热火客场90-102不敌骑士，詹姆斯拿到27分12助攻10篮板的三双，韦德也有24分入账。您如何评价这场比赛？ ,体育,63,评价 骑士 入账 调查 热火 客场 不敌 拿到 助攻 篮板
调查：NCAA四强谁能成为全美霸主？ 豪强pk黑马！新浪体育讯疯狂三月即将进入最为精彩的“精英四强战”，肯塔基和康涅迪克两大豪门对撞，VCU与巴特勒两大超级黑马对撞，决赛注定了是豪门与黑马的PK，究竟谁是NCAA全美锦标赛的霸主呢？(西哈诺),体育,64,对撞 霸主 豪门 全美 精英 注定 豪强 调查 决赛 强战
骑士不认詹姆斯拒放其车通行 皇帝热脸贴了冷屁股新浪体育讯北京时间3月30日消息  克利夫兰人远还没有忘掉勒布朗-詹姆斯！曾几何时，无论詹姆斯什么时候去速贷球馆，无论身边带多少随从，他都会享受畅通无阻的超级待遇，到如今，这一切风光均已不复存在。据一直跟随詹姆斯的ESPN记者布莱恩-文霍斯特(之前一直任职于《克利夫兰老实人报》)透露，詹姆斯今天上午开车去速贷球馆参加投篮训练时，被球馆工作人员挡在停车场大门外，与他随行的还有另外一辆车，车上都是他的朋友。两辆车随即马上离开，但不久之后，詹姆斯单独回到球馆，参加了投篮训练。骑士新闻发言人泰德-卡博告诉记者，客队球员到访时一般不会获得私人停车位，如有特别需求，必须提前向球队申请，很显然，詹姆斯没有提前向骑士申请停车位。詹姆斯是在昨天随热火飞抵克利夫兰的，回到老家后，皇帝很兴奋，还和很多儿时好友玩了扑克。“没有地方能跟家的感觉相比，”詹姆斯在微博上感叹说。不知道，骑士这个做法会不会惹毛皇帝，让他在今天的比赛中再次发飙。上次对阵旧主，詹姆斯砍下38分、8次助攻和5个篮板，率队大胜28分并由此走上赛季最长的12连胜。(新浪体育 黎双富 发自迈阿密),体育,65,球馆 骑士 停车位 皇帝 申请 速贷 提前 记者 训练 发飙
骑士老板狂笑捋詹姆斯 丹别在我车库里撒野!(图)新浪体育讯北京时间3月30日消息  热火客场以90比102爆冷输给骑士，错过了超越凯尔特人登上东部第二的良机。赛后，各方人士通过微博第一时间发表了看法。“别在我的车库里撒野！”——骑士老板丹-吉尔伯托骑士老板在现场见证了勒布朗-詹姆斯第二次重返老东家，看到球队打得这么好，他比谁都激动。比赛最后1分钟当骑士领先14分可以确定胜局时，镜头给到吉尔伯特，他那咧开嘴的大笑绝对是发自内心的。至于吉尔伯托这条微博的来源，还得从今天上午詹姆斯来球馆参加投篮训练时说起。皇帝开车带着朋友来训练，可骑士工作人员硬是没让他们进停车场，理由是客队球员需要停车必须提前申请，而詹姆斯很显然没申请。后来经过协商，詹姆斯单独进去参加投篮训练，而朋友只好开着车打道回府。“当勒布朗赛后和骑士球员去握手时，给人的感觉跟你不希望你妈妈在你朋友面前吻你的感觉一样。”——Hoopshype官博比赛中，詹姆斯没像上次比赛那样与骑士替补狂飙垃圾话，比赛结束后，他甚至跑到骑士替补席和贾米森、巴朗-戴维斯、克里斯-简特(骑士助教、詹姆斯的前任投篮教练)、JJ希克森等球员热情拥抱。“惊讶吗？这已经是克里斯-波什本赛季第三次单场后场篮板数未超过1啦。”——ESPN记者汤姆-哈伯斯特罗克里斯-波什今天完全没有状态，作为球队内线支柱，全场14中5不说，只抢到3个篮板怎么也说不过去。而且，这不是他第一次。“整场比赛热火没有一次领先，对骑士来说，这场胜利是本赛季的最高潮。”——美联社记者 蒂姆-雷诺兹从比赛一开始，热火就没有表现出一点儿想赢球的劲头，他们一度让对手打出18比0的进攻高潮。102比90，骑士从热火身上拿到了本赛季首场赢球分差在两位数的胜利。(新浪体育 黎双富 发自迈阿密),体育,66,骑士 老板 朋友 申请 训练 赢球 热火 投篮 比赛 记者
NCAA四强战必知十事（下）：这5人将影响冠军归属新浪体育讯上一期介绍了NCAA4强战必须知道的10件事前五件( 点击链接查看上半部：NCAA四强战必知十事（上）：这黑马与冷门有多牛！ )，以下是后5件必须知道的事：〈〈〈 NCAA疯狂三月专题主页上线，点击链接查看精彩内容6.坎巴-沃克，康涅狄格大学   康涅狄格后卫坎巴-沃克几乎是这赛季最引人注目的球员之一，其他几名候选诸如全美得分王吉梅尔-弗雷戴特等人都已被淘汰出局，所以四强战中几乎没有本赛季表现能与坎巴-沃克媲美之人。神奇的故事从赛季初的毛伊岛邀请赛就已开始，场均30分4助攻的他坎巴-沃克不仅自己得到最佳球员，也率领康涅狄格在毛伊岛邀请赛夺冠，而他们去年11月决赛的对手，正是四强战中将要面对的肯塔基大学！坎巴-沃克的故事在大东赛区(康涅狄格所在分区)锦标赛中继续延续，在豪强林立的大东赛区只属中游水平的康涅狄格仍旧是在坎巴-沃克的率领下，5连胜夺得锦标赛冠军。最后的高潮则是全国锦标赛，如今，屡屡的最后时刻关键得分甚至绝杀，对于坎巴-沃克已是家常便饭。他很清楚，如果想要完美地结束这样一个史诗般的赛季，所需要的，便是锦标赛冠军。7.布兰登-奈特，肯塔基大学   这赛季最让肯塔基球迷担心和焦虑的事情不是土耳其神童伊内斯-坎特的禁赛(土耳其天才中锋坎特因违规收取工资被取消NCAA比赛资格)，而是球队每到关键时刻掉链子的表现。本赛季肯塔基共有8场败仗，其中6场是只输2分左右的惜败，缺少最后一投的执行者变成球队最大问题。而在全国锦标赛，大一后卫布兰登-奈特不仅用全面的表现带领肯塔基前进，还分别在第一场和第三场绝杀普林斯顿大学和俄亥俄州大，解开了肯塔基球迷整个赛季的困惑。而在即将到来的四强战中，如此激烈的对决很可能会战斗到最后1秒，那么到时肯塔基将可能仰仗于布兰登-奈特的发挥，这也必将考验布兰登-奈特关键球的把握能力。8.乔伊-罗德里格斯，VCU(弗尼吉亚联邦大学)   现在对于VCU阵容里的每个球员来讲，都是他们篮球生涯最辉煌的一刻，对于首发队员来说，这也是他们篮球生涯打的最好的几场比赛。大三后卫布拉德福德-博格斯是VCU在锦标赛炙手可热的球员，另一名后卫布兰登-罗泽尔外线手感也好的发烫，在上一场爆冷淘汰堪萨斯大学的比赛中砍下26分10板的前锋杰米-斯凯恩更是势不可挡。但是身高只有1米78的大四后卫乔伊-罗德里格斯才是这支球队的心脏和灵魂！是他在比赛中推动着球队的快速进攻，也是他在比赛中不停地激励队友。作为大黑马VCU的领袖，乔伊-罗德里格斯总会一马当先冲在进攻端。而所谓擒贼先擒王，这匹头马也将会在四强战中得到巴特勒大学的重点关注。9.马特-霍华德，巴特勒大学   马特-霍华德在全国锦标赛的绝杀表演只有布兰登-奈特能与之匹敌，这位巴特勒的英雄先是第一场补篮绝杀老道明大学，后是在第二场冷静地罚球绝杀东南赛区头号种子匹兹堡大学，而这场与匹兹堡的比赛也被喻为是全国锦标赛第二轮中最精彩、最富有戏剧性的比赛。身高2米06的大四前锋马特-霍华德是个谦虚有思想的家伙，会用脑子打球，作为巴特勒头号得分手的霍华德场均16.7分7.7个篮板，他与后卫谢尔文-马克是巴特勒最为仰仗的双子星，在巴特勒大学出任大前锋的霍华德还有一手精准的三分远投，多样化的进攻手段也是这名白人前锋在锦标赛所向披靡的重要原因。10.杰雷米-兰博，康涅狄格大学   很多年前，杰雷米-兰博的父亲罗兰多-兰博是VCU(弗尼吉亚联邦大学)的明星后卫，也因保持着校史抢断记录而成为学校光荣榜上的一员。这位罗兰多-兰博曾带领VCU三次杀进全国锦标赛，自己也曾两次获得全美最佳阵容提名。而在1984年全国锦标赛的首轮，罗兰多-兰博绝杀了吉姆-卡洪执教的东北大学，而吉姆-卡洪正是现任康涅狄格大学的主教练。卡洪教练在招揽小兰博的时候发现他的父亲正是自己的“老熟人”，当然，卡洪教练没有欺负“老熟人”的儿子，而是加倍地指导他进步。在全国锦标赛中，小兰博成为康涅狄格的二号得分手，场均砍下18分，而他赛季场均只有11分。在上一场险胜亚利桑那的比赛中，更是履有关键得分，很好地缓解了坎巴-沃克的进攻压力。在坎巴-沃克被重点盯防下，杰雷米-兰博的发挥将起到至关重要的作用，而在双枪齐发威之时，康涅狄格大学几乎战无不胜。(clay),体育,67,大学 锦标赛 绝杀 后卫 强战 赛区 前锋 熟人 仰仗 重点
三届扣篮王却有平凡追求 加盟雷霆离梦想只差一步新浪体育讯北京时间3月31日，据《俄克拉荷马人报》消息，作为土生土长的西雅图人，内特-罗宾逊一直想为西雅图超音速打球，如今他差不多可以算实现了他的梦想。当西雅图市和华盛顿州的政客们还在为是否要为扩建西雅图的球馆拨款争得不可开交的时候，超音速的老板于2008年6月将球队迁到了俄克拉荷马城，并更名为俄克拉荷马城雷霆队。尽管西雅图当地球迷都对超音速的这一决定恨得咬牙切齿，但罗宾逊却说他对超音速搬到俄克拉荷马城一事一直以来都毫不反感，早在他加盟雷霆之前他就是这么觉得的。“我觉得没什么大不了的，”罗宾逊说道，“NBA就是一场生意而已。如果西雅图现在还拥有一支NBA球队，并且我可以加入他们，那当然是最好不过——这样我就可以在家乡父老面前打球了。如今超音速搬到了俄城，但这并不是俄城的错，没必要怪罪到俄城头上。”由于罗宾逊的膝盖伤势，他在2月24日被凯尔特人交易到雷霆后只参加了一场雷霆与太阳的比赛后就接受了关节内窥镜手术。如今他已经回到了球队的轮换阵容中，雷霆球迷们发现这个只有5尺9寸，180磅的小个子的体内有用不完的能量，不管在场上还是在场下，他都有办法点燃全场的激情，他很快成为了雷霆球迷的最爱。“到现在为止一切都棒极了，”罗宾逊说，“我去过的所有城市都会很热情的欢迎我，我能感受到他们的爱，我很感激球迷们。”罗宾逊目前在雷霆能够获得的上场时间寥寥无几，只有当球队需要有人扭转气势或者急需板凳火力时才会把他派上场。但饮水机管理员的感觉对罗宾逊来说并不陌生。罗宾逊说：“我曾经连续坐过14场比赛的冷板凳，一秒钟都没上过(2009年11月在纽约尼克斯)，那可是一整个月啊。我只需要更努力地表现就好，这没什么关系。我不会为此冒犯任何人，只要教练派我上去，我就会上场努力打球。”今年26岁的罗宾逊在联盟中以他惊人的弹跳著称，他的纵跳可以达到令人乍舌的43.5英寸。早在高中时，他的运动天赋就已经显现。他在高中二年级时就被评为华盛顿州3A级橄榄球和篮球运动员。在田径上他的成绩更为惊人，他曾经创造过华盛顿州高中生110米栏的纪录。(francischen),体育,68,超音速 上场 球迷 打球 梦想 惊人 球队 棒极了 平凡 却说
"今日数据趣谈：詹韦配28年一见 甜瓜昌西处处开花新浪体育讯北京时间3月31日，NBA共进行了13场比赛。以下是今日比赛中诞生的一些有趣数据：热火123-107战胜奇才。勒布朗-詹姆斯3月份场均得到28.0分，德维恩-韦德则是26.6分，分居联盟前两位。上一对队友分居月得分榜前两位(至少10场比赛)，还是1983年1月的事了。当时掘金的奇奇-范德维奇场均得到30.6分，阿莱克斯-英格利什场均得到29.1分。卡梅罗-安东尼得到39分，昌西-比卢普斯得到33分，率领尼克斯战胜篮网。这是本赛季第2次，俩人同时得到30+。他们2月10日也曾做到这一点，率领掘金战胜小牛。甜瓜和昌西还成为NBA历史上第一对，为不同球队同时得到30+的球员。尼克斯战胜篮网之后，对大纽约德比对手的战绩是82胜81负。如今胜负打成平局场次最多的对手属于公牛和国王，两队交手战绩是72胜72负。德怀特-霍华德15罚仅9中，魔术也输给老鹰。这是“魔兽”连续12场比赛造罚球达到两位数。上一次联盟有球员做到这一点，是1965-66赛季17场的杰里-韦斯特。德克-诺维茨基率队战胜快船后，赛季总得分超过1,500分。这也是德克连续11个赛季做到这一点，平了科比-布莱恩特的现存最长纪录。上一次有球员做到这一点，则是1986-87赛季到1997-98赛季的卡尔-马龙。克里斯-保罗15投4中仅得到11分，但送出12次助攻，率领黄蜂战胜开拓者。这是保罗生涯第46次投失至少11球，但他其中26次助攻上双。太阳输给雷霆，文斯-卡特得到28分。自从12月转会到太阳以来，卡特对阵雷霆3场场均得到30.0分(太阳3场全负)，对阵其他对手31场场均则仅得到12.7分。赛迪斯-杨19投11中得到22分，率领76人战胜火箭。这也是本赛季杨第3次，在没有任何三分或者罚球的情况下得到20+。其他做到3次的球员分别是艾尔-杰弗森、肖恩-马里昂和路易斯-斯科拉，均是4次。鲍里斯-迪奥得到26分11次助攻，率领山猫1分险胜骑士。这是迪奥8年生涯以来，首次得到至少25分10次助攻。灰熊后来居上战胜勇士，三四节得失分均为31-19。这也是灰熊16年历史上，第4次后两节均净胜对手至少12分。掘金战胜国王，终结了后者的4连胜。自从2007年1月到2月以来，国王还从未连胜过5场。期间从未5连胜的球队还有快船，最高纪录也是4连胜。公牛108-91战胜森林狼，助攻数则是31-12。这是公牛本赛季第2次，助攻净胜对手至少19次。本赛季只有凯尔特人做到这点不止1次(3次)。德鲁-古登得到22分11个篮板，其中包括6个前场篮板，安德鲁-博格特得到17分10个篮板，其中包括5个前场篮板，率领雄鹿战胜猛龙。雄鹿上一次有队友同时得到这种17+10，且均抢到5个前场篮板，还是2009月3月6日的事了。当时查理-维兰纽瓦和卢克-理查德-巴莫特均做到这一点，但雄鹿输给了公牛。(阿布杜猫)",体育,69,战胜 率领 公牛 助攻 雄鹿 掘金 国王 分居 甜瓜 前场
足球宝贝患血癌命垂一线 CBA悍将微博发起救助(图)2月8日晚上8时46分，一条“救救白血病女孩刘家宏”的微博出现在新浪微博上，截至昨天晚上8时48分，被488人转发。发帖人“Large crab55”写道：“刘家宏是一名宁波的女孩，现在正在接受白血病的治疗。医生说上海血库最近缺血，刘家宏急需血小板(任何血型均可捐献)，上海地区的朋友请前往上海血液中心，捐献前请说明捐献给上海瑞金医院的刘家宏。(点击查看微博)”热心人士微博发起救助发帖人“Large crab55”做过新浪认证，记者查看了一下，显示是“佛山男篮李克”。昨天，记者通过微博和他取得了联系。李克告诉记者，他曾在宁波打过五六年篮球，在那里认识了一些朋友。这次通过朋友知道刘家宏的事，他的一个朋友还特地跑到上海的医院去看望，证实了这件事，于是他们决定通过微博发起求助，帮助刘家宏。他还表示：“下步将通过微博组织捐款，号召上海当地朋友献血。重要的是从精神上支持刘家宏。”记者昨天联系上海瑞金医院，血液科一位乐姓医生告诉记者，确实有这么一个病人，已做完一次化疗，目前正在住院，由于病人本身血小板量不足，很容易出现自行出血等情况，还处在危险期，急需血小板。漂亮女孩曾是足球宝贝26岁的刘家宏刚毕业就跟随哥哥刘洋来到宁波打工，目前在一家建筑公司工作。昨天，她哥哥刘洋告诉记者，去年11月，刘家宏发现身体不对劲，“从1楼到5楼，要歇5次。浑身还酸痛，今年1月份的时候眼睛也痛，到医院检查时才发现自己患了急性白血病，随后被送往了上海瑞金医院。”经过第一个阶段的化疗之后，家宏的身体出现了很大的药物反应，“从昨天开始，她就浑身酸痛，吃不下东西，还一直想吐。”刘洋说。在哥哥眼里，妹妹不仅是个十足的美人胚子，是2010年宁波足球宝贝，还是家里的乖巧宝贝。打开刘洋的空间，相册里全是妹妹的照片，大大小小三四百张照片，都是家宏甜美的笑容。“化疗了，她的头发也掉了很多，医生说在这个阶段，有病人有15%到20%的可能性会走……”电话那头，刘洋尽量克制的声音里还是透着焦灼。祈祷，女孩挺过这一关家宏的家人告诉记者，现在最希望的就是家宏能挺过这一关，再恢复到原先那个笑容甜美、爽朗、乐观的女孩。“这一个劫难，我们全家人都会陪着她一起。”刘洋说。这个春节，原本家宏应该是和家人在东北老家过年，现在却只能在医院里度过，“以前每年过年都是我最期待最开心的时刻，现在却要父母陪着我在医院度过，心里很难受。”如果有市民想帮助这位女孩，可以拨打本报热线87917666，我们会及时让您与家宏取得联系。,体育,70,女孩 记者 医院 朋友 白血病 血小板 病人 化疗 医生 捐献
冲突！阿联拨开队友掌推大Z 动作不大怎保护队友新浪体育讯华盛顿奇才好不容易结束了西区五连客，但他们回到主场的第一个对手却是实力强大的迈阿密热火，最终，奇才以107-123不敌热火，易建联依旧先发出场，他上场20分钟，3投0中得到0分2篮板1抢断，在比赛发生冲突时保护了自己的队友。本场比赛本身并没有太多悬念，毕竟奇才与热火之间的实力差距有些大，而阿联也因为犯规过于频繁而没有太多表现机会。不过，在比赛中段，奇才与热火却产生了一些小摩擦。第二节还有8分48秒，约翰-沃尔在高位骚扰热火球员，几乎造成了抢断，但这时在罚球弧策应的扎伊德古纳斯-伊尔戈斯卡斯眼疾手快迅速保护住球，随后试图将球传出，而沃尔也马上贴防大Z，意欲抢断。可在这时，大Z却在作出传球动作时不断用手肘在沃尔脸前晃动，沃尔一时火起，用肘部奋力击打大Z的胸膛，而人高马大的大Z也毫不示弱，马上与沃尔贴面站到一起，似乎就要发生斗殴。在这千钧一发的时刻，贾维尔-麦基第一个冲上前，但不幸的是，他被战斗经验更加老道的朱万-霍华德推出两米多远，被迫离开了战场中心；不过，麦基被击退，不代表奇才没有战斗力，易建联一马当先杀进内圈，拨开身高不足的埃文斯，双掌一立，毫不做作地将大Z推出了核心圈，随后阿联站在沃尔身前，将小兄弟挡在自己身后保护起来。打架确实不应该，但阿联这次为沃尔出头却绝对应该：首先，阿联这一推并非斗殴，只是为了将大Z与沃尔分开，毕竟在冲突刚发生时，双方都难以冷静，如果放任两人口角，那么很可能酿成更大的冲突。其次，阿联在关键时刻挺身而出捍卫小兄弟，确实体现出了团队精神。当时，球队的第一高度麦基已经被霍二叔单挑击败，奇才场上最高的人就是阿联，阿联作为奇才队内第一战力，如果缩在后排必然会为人所不齿，而阿联与沃尔的关系也不一般——沃尔和阿联住在同一个小区，每天训练、回家都要“蹭”阿联的车坐，两人在场上也经常配合——华盛顿当地媒体就认为，沃尔与阿联是奇才队内对挡拆理解最深刻的一对组合。阿联在关键时刻保护小兄弟自然也是很正常的事情。第三，阿联虽然性格内敛，但在关键时刻并不含糊。早在2005年斯坦科维奇杯上，阿联就曾在强打篮下被波多黎各中锋侵犯后愤然还击，虽然阿联的格斗能力相较刘玉栋、李楠、莫科等八一军人还有较大差距，但凭借身体优势，阿联有足够的底气证明自己是条红脸汉子。而“动作不大打什么球”这句名言也出自阿联之口，很明显，对于篮球场上的一些小小对抗，阿联并不放在眼里。本次斗殴就是如此，阿联在冲突可能扩大的关键时刻以一己之力杀进人群，用最直接的方式分开了两边球员，这一招连消带打干脆利落，而且没有在事后吃到犯规，无论从实用角度还是从提振士气的角度来看，阿联都做得十分漂亮。而作为这次事件的当事人，沃尔也一定看到了这一幕，作为奇才未来的核心，这次事件的发生一定会让沃尔对阿联的好感度大大增加，或许，这也是阿联留在奇才的契机之一。[咕哒微博](咕哒微微一笑),体育,71,奇才 保护 冲突 斗殴 关键时刻 动作 热火 拨开 分开 队友
奇才三内线13犯规送给他 龙王打球就是这么聪明新浪体育讯背靠背第二场，热火并没有表现出疲态和输球之后的低迷，奇才的超常发挥跟他们缠斗了大半场，最终还是没能斗过三巨头。本场比赛，由于引发冲突，热火的内线两大主要轮换球员伊尔戈斯卡斯和霍华德均被罚下，波什打了全队第二高的41分钟，贡献26分8个篮板4次助攻。是役，波什遇上了比昨天的霍林斯和希克森更能跳的奇才中锋麦基，另一个先发内线易建联身体素质也不差，再加上又是背靠背作战，波什很有可能延续上一场的低迷。不过，波什开局的表现还是打消了这种顾虑，他上来就强打篮下，虚晃一下骗起麦基，然后迎着对手上篮，裁判果断吹罚了犯规，波什稳稳的两罚全中。9分31秒，波什接到韦德的传球，迎着阿联的防守，中距离出手命中。随后，他又在篮下强打造成阿联犯规，两罚全中，紧接着他又盖掉了埃文斯的上篮。4分43秒，波什上篮再拿两分，随后他又强打篮下造成布莱切犯规，两罚一中，再一次中投得手之后，波什下场休息，首节比赛就贡献了11分，这已经比昨天他全场的得分还要高了。第二节比赛直到双方因为冲突、霍华德和大Z被罚出场时，波什才顶替二叔出场。5分2秒，他完成一记跳投，这是他在第二节仅有的得分。下半场一上来，波什就完成了一次突破上篮，不过在接下来的进攻中，他的扣篮被麦基一个大帽扇掉，人也因为失去重心摔倒场外。就在众人以为波什又会像上一场那样被羞辱时，8分25秒，波什篮下接到皮球，这次他聪明了很多，佯装出手，把麦基晃起，随后双手扣篮拿下两分，龙王很好的利用了麦基好盖帽一点就飞的弱点。4分14秒，波什接到詹姆斯的传球上篮得手，帮助热火把分差扩大到了11分。关键的第四节，奇才上来一波6-0把分差缩小到了只剩下1分，此时波什挺身而出，他接到韦德传球果断上篮球进，还造成了塞拉芬的犯规，加罚也命中，完成一次2+1。6分33秒，波什强打篮下又造成麦基个人的第四次犯规，他稳稳的把这两个球罚进，帮助热火把分差拉大到6分。最后时刻，奇才试图通过犯规战术追分，波什在40.5秒的两罚两中让他们彻底的放弃了这个念头，最终热火123-107取胜。或许是有了上一场对战两弹簧人的经验，本场比赛波什打得就非常聪明，虽然也吃了麦基的一个迎面帽，但总的来说他还是很好的完成了热火内线支点的作用。同时他还打得非常强硬，屡屡杀入篮下，利用奇才内线的缺点频频骗得犯规，全场比赛又是获得11次罚球机会。而奇才三大内线麦基、易建联和布莱切分别背上了4、5、5次犯规，其中最能盖得麦基有一半的犯规都是给了波什，阿联和麦基则是各有一次。波什对于热火的作用通过背靠背这一胜一负的比赛完全显示出来，上一战，詹姆斯和韦德不可谓发挥不好，但热火就是输了球，而本场比赛，詹韦打得兴起，波什内线游刃有余，热火虽说也曾落后，但最终取胜仍是波澜不惊。从数据上看，波什+21的效率值又是全队最高，可见其重要性。(carry) ,体育,72,犯规 热火 内线 奇才 篮下 接到 上篮 聪明 分差 传球
奇才内线病号一喜一忧 布莱切今复出布克赛季报销新浪体育讯北京时间3月31日消息，据《华盛顿邮报》报道，奇才的内线伤兵有新消息了，但结果却是一喜一忧。喜的是，球队主力前锋安德雷-布莱切有望在今天球队与热火的比赛中复出；而另外的坏消息是，在布莱切受伤后接替首发的特雷沃-布克，则很有可能因伤赛季报销。布莱切已经因肩伤缺席了11场比赛，不过在今天的常规训练结束后，奇才主帅菲利普-桑德斯向到场记者表示，布莱切有可能会在今晚复出。“我认为安德烈已经具备了上场的条件，我会根据比赛的情况来分配给他一些时间。”桑德斯教练说道。同时布莱切也认可了教练的观点，并表示已经做好了重返赛场的准备。“我没有100%康复，但我保证可以上场比赛了。我希望能在比赛中帮助我的队友，”布莱切说道，“我们的球队在这个赛季遇到了太多伤病问题，我算是比较健康的一位，所以我必须努力为球队做出贡献。”但与此同时，布莱切的主要替补布克则有可能因为腿部伤势告别新秀赛季。在上周奇才与掘金的比赛中，布克脚部受伤，虽然此后的X光检查，并没有显示布克伤到了骨头，但在详细的核磁共振检查后，实际的情况却并不乐观。“今天他将再进行一次详细的扫描，我们会根据结果得到更多的信息。”桑德斯教练表示，“不过从此前的检查来看，他的赛季似乎已经提前结束了。”布克在本赛季首轮第23位被选中，在代表奇才出战的65场比赛中，这位24岁的新秀场均可以得到5.3分和3.9个篮板。而顶替布莱切在3月份首发的8场比赛中，布克的场均数据达到了11.4分和7.6个篮板。布莱切的复出，很有可能会再度威胁到中国球员易建联的首发位置，但与此同时布克的赛季报销，则会从另一方面让阿联得到更多在比赛中，向教练证明的机会。(小林),体育,73,复出 检查 奇才 报销 教练 比赛 首发 新秀 受伤 球队
姚明不在火箭终露疲态 为何说八人76人仍比火箭厚新浪体育讯从一开始稳稳的保持领先，到第三节的末段被76人反超，最后在第四节比赛中被拉开比分，最终无力回天，输掉了比赛。在前面一段时间不错的表现之后，火箭在今天和76人的比赛中似乎又回到了网友们熟悉的老路上。第三节是惊悚片，第四节就成了灾难片了。问题究竟出在什么身上呢？从今天的上半场比赛看来，火箭根本就没有任何的问题。对76人几个箭头人物的防守相当成功，在自身的篮板球争抢和得分方面也都没有问题。但是到了第三节最后阶段却突然崩盘。其中有很大一部分原因，就是因为火箭的主力内线和替补内线之间还存在着一定的断层。尤其在这种背靠背的比赛中，火箭的主力球员需要休息，不得不将替补球员更多的放在球场上的时候，这种弊端就表现出来了。我们从比赛中就可以看出，就火箭的两名主力内线而言，他们的发挥其实相当不错。路易斯-斯科拉在第一节还剩下3分37秒面对76人防守的时候，直接将自己的梦幻舞步升级成为了阿根廷陀螺，连续三次转动之后，从霍伊斯的胳膊下面找到了投篮空隙，挑篮得手。而在查克-海耶斯的防守面前，埃尔顿-布兰德这么出色的内线球员，全场比赛居然仅仅7投4中，而且作为联盟中相当出色的前场篮板球手，布兰德全场比赛仅仅抢到了1个前场篮板球，这不能不说是海耶斯的成功。主力球员的表现我们毋庸置疑，但是火箭队的两名替补内线，在关键时刻的表现可要逊色多了。其实在最近的一些比赛中，不管是乔丹-希尔还是帕特里克-帕特森，在比赛中都有着不错的表现。然而，一直到现在为止，他们还只是停留在用身体打球的阶段。76人只有8人上场，火箭11人打球，但全场看下来，火箭的阵容厚度与对手还是有不小的差距。两个人的身体素质都没话可说，在第一节比赛还剩下5分58秒的时候，希尔争抢前场篮板球的时候和布兰德抢到了一起，希尔在弹跳和爆发力上明显要胜出一筹，将篮板球抓到了自己手中。在第四节还剩下7分38秒的时候，帕特森更是在四名76人球员头上抢到进攻篮板球，之后二次进攻还造成了76人的犯规。但是，这些却掩盖不了他们的缺点。希尔的防守弱势，让里克-阿德尔曼在比分胶着，或者是火箭需要追分的时候，彻彻底底的将希尔放在了板凳席上。而帕特森在防守上虽然比希尔强不少，但是当火箭陷入困境的时候，脑子里也有点不知道自己应该干什么。在关键时刻，帕特森一次篮下扣篮不进，一次抢位的时候被吹进攻犯规，一次无谓的中距离出手不进，不仅仅没有帮助火箭缩小比分，反而看着76人将领先优势进一步的扩大。当然，对于年轻球员来说，犯下这样那样的错误也不是不可以接受。人总是要接受挫折才能够得到成长。但是毕竟也将近一个赛季了，在耳濡目染中，火箭的这两名年轻内线球员多多少少也应该知道一点在关键时刻怎么打球，而不是依然靠着匹夫之勇在那横冲直撞。如果他们学不会在关键时刻的冷静，那么，就算身体素质再好，在比赛中再努力，恐怕也无法在NBA这个竞争激烈的地方获得一席之地。(嘟嘟),体育,74,火箭 篮板球 内线 比赛 关键时刻 防守 主力球员 剩下 前场 争抢
希尔渴望续约终老凤凰城 40岁退役心愿能否实现？新浪体育讯北京时间3月31日，在相继输给小牛和国王后，太阳距离西部联盟季后赛席位已经渐行渐远，但38岁的老将格兰特-希尔却并不打算就此放弃。在接受当地媒体《亚利桑那共和报》采访时，希尔表示虽然本赛季的太阳闯入季后赛的可能性微乎其微，但他自己仍然希望能够同球队续约，帮助太阳来年再创辉煌。“如果能够证明我们比这个赛季更好，那么我的继续坚持会是不错的选择。”希尔在周二接受《共和报》采访时说道，“我当然要先祈祷下赛季联盟不会停摆，而球员还有比赛可打。接下来我会根据情况来决定怎样。希望我的身体还可以，我们的球队也可以得到很好的改善和转变。”希尔最近一次成为自由球员时，联盟曾经有7支球队都对这位技术出色的小前锋抛出了橄榄枝，但希尔并没有考虑太多，他直接把目标范围缩小到了太阳、凯尔特人以及尼克斯三支球队身上。而最终他并没有抛弃失去季后赛资格的老东家，并最终和太阳续签了一份2年合约。如今，希尔希望能在联盟征战到40岁在退役，而太阳老板罗伯特-萨沃尔也表示，太阳全体成员，都希望看到希尔能在菲尼克斯结束自己的职业生涯。“我希望球队明年能取得一些进步，并最终跻身季后赛。这当然会带给我一些继续打球的动力。”希尔说道，“我觉得自己还可以在联盟立足，我喜欢目前的这些队友，让我们看看接下来会发生什么吧。”已经38岁的希尔本赛季依然是太阳阵容中的中流砥柱，在代表球队出战的71场比赛中，希尔场均贡献13.2分，4.4个篮板和2.5次助攻。从这样的数据我们也完全可以相信，希尔在联盟打到40岁，完全没有问题。但现如今联盟和球员间的新劳资协议仍然没有最终出台，希尔40岁退役的心愿能否达成？也许就像他自己所说的，一切都要看接下来的发展情况而定吧。(小林),体育,75,退役 心愿 共和 球队 续约 采访 接受 球员 全体成员 可打
打强队石佛就敢带伤上阵 休息五场？他是忽悠对手新浪体育讯北京时间3月31日消息，据《Spurs Nation》报道，已经缺席了四场比赛的马刺当家蒂姆-邓肯可能将于明天对阵凯尔特人的比赛中复出。在邓肯受伤期间代替他出赛的提亚哥-斯普利特在同邓肯一起训练之后透露了这个消息。“他在训练里很好，”斯普利特说，“我也不知道他感觉如何。但是至少他没有表现出什么不适。我希望他明天能够复出。”邓肯是在23日对阵勇士的比赛中扭伤脚踝的，在他缺阵的四场比赛里马刺遭遇了四连败。其中在上一场比赛里，马刺主帅格雷格-波波维奇更是有意无意的让核心球员休息，托尼-帕克、马努-吉诺比利和安东尼奥-麦克戴斯都因为一些莫须有的伤病没有出场。明天马刺将迎来凯尔特人的挑战，他们如果想在绿衫军的身上止住颓势，这四名球员的复出就是至关重要的。今天帕克(左髌骨挫伤)、麦克戴斯(下背挫伤)、邓肯和吉诺比利(左四头肌挫伤)四人都只进行了一些限制性的训练。而明天的比赛又对马刺争夺联盟常规赛头名和季后赛的所有主场优势至关重要，或许他们不会再像上一场一样因为轻伤而休整。“那场比赛之后，没人感觉很好。”斯普利特说，“但是我认为最好的情况就是蒂姆好些了，马努好些了，托尼好些了，戴斯也好些了。我觉得我们祝愿今天很好，并且明天会更好。”目前马刺领先西部第二的湖人和东部第一的公牛都是3.5个胜场，在赛季还剩下8场比赛的时候，这个差距并不是不可逾越的。斯普利特表示，这样的差距就给马刺剩下的八场比赛带来了一些紧迫感。“我们现在将面临场场比赛都很重要的情况了，”斯普利特说，“我们需要掌握比赛的节奏，并且为季后赛做好准备。”在邓肯刚刚受伤的时候，波波维奇曾表示他肯定至少要休息四五场比赛，而且波波维奇只能肯定邓肯会在季后赛前复出。不管几名核心球员是真正的受伤还是诈伤寻求休息，随着邓肯缺席之后的四连败，马刺或许也已经坐不住了，把持了一个赛季的联盟头名，他们也不想现在拱手相让。(二六八),体育,76,复出 比赛 挫伤 休息 受伤 训练 比利 至关重要 头名 缺席
新浪NBA4月视频直播表火箭迎生死战 东部大乱斗新浪体育讯常规赛进入最后一月，但最后的季后赛席位仍存有很大悬念。火箭与黄蜂之间的对话，很有可能决定谁将进入西部前八，而凯尔特人与公牛的比赛则很有可能决定东部前三的座次。而最后一天绿衫军与尼克斯一战，甚至有可能是季后赛的提前预演。以下为新浪体育新赛季NBA四月份视频直播表。(新浪体育),体育,77,直播表 视频 体育 座次 生死战 预演 火箭 对话 存有 新浪
新浪体育正在视频播小牛vs湖人 愚人节看科比斗牛新浪体育讯北京时间4月1日，洛杉矶湖人将在主场迎战达拉斯小牛，目前两支球队战绩相差无几，湖人仍然需要胜利来捍卫西部第二的位置，而科比也表示，虽然追逐马刺的希望不大，但紫金军团依然不会放松，全队的目标就是在总决赛中，争取拿到对东部球队的主场优势，与小牛的焦点战，湖人不容有失。新浪体育将为广大NBA球迷带来本场比赛的视频直播，欢迎届时收看。[视频直播室] [图文直播室] [新浪NBA专题] [新浪NBA官方微博](新浪体育),体育,78,湖人 视频 小牛 体育 直播室 新浪 斗牛 放松 紫金 收看
新狼王惊艳赛季让玫瑰都折腰 罗斯：他是一名领袖新浪体育讯北京时间3月31日消息，据《Chicagobreakingsports》报道。本赛季德里克-罗斯无疑是联盟中受到赞赏最多的一位球星，在别人都在称赞他的时候，他却将赞誉给了另一名球员，就是与他东西遥望的凯文-勒夫。或许是去年夏天曾和勒夫一起训练的缘故，罗斯比更多人都了解勒夫有多努力。“他干了所有防守的活，”罗斯说起勒夫的表现，也惊讶的摇起了头。本赛季勒夫场均20.3分，还有冠绝联盟的15.4个篮板。更不要提那些两双的记录和成就了。“我惊讶的是他如此的努力，”罗斯说。“要在这个联盟里生存，必须拥有自信。他就是一名非常自信的球员。他在比赛中能不停的抢下篮板，还能在三分线外进攻。他就是球队的领袖，你能看到他是否在场上，球队有着明细的区别。我为他高兴。”罗斯和勒夫很早就相识，在大学时他们就经常带队相遇，而在进入联盟之后，他们经常在休赛期或国家队中一起训练。而且罗斯甚至和勒夫的爸爸，前NBA球员斯坦-勒夫还是好朋友。“我和勒夫的父亲也是真正的好朋友，”罗斯说。勒夫的出彩不仅得到了罗斯的称赞，就连公牛主教练汤姆-希伯杜也称勒夫的表现“难以置信”。(老白),体育,79,惊讶 称赞 领袖 自信 朋友 训练 球员 赞誉 了头 缘故
沃尔遭驱奇才丢两把枪 没挡拆高手阿联特点打不出新浪体育讯华盛顿奇才主场107-123不敌迈阿密热火，回归主场后未能迎来胜利。易建联继续先发出场，他上场20分钟，3投0中得到0分2篮板1抢断，没有能获得太多进攻机会。本场比赛，阿联并没有能获得太多的进攻机会，出场19分58秒只获得了3次出手机会。如果单单看数据，或许并没有多少人会发现问题，但经常关注奇才、关注阿联的球迷可能已经看出了一些异样之处：本赛季，阿联出场时间达到或超过19分钟的比赛一共有21场，但其中出手数在3次或3次以下的，仅有一场而已。从这个角度来看，阿联本场比赛进攻机会之少，可谓是“十中无一”。的确，阿联本有机会打出一场不错的比赛——至少也有机会延续近期不错的状态。历史数据显示，阿联在对阵克里斯-波什时的表现还算不错，双方交手8次，阿联场均得到8.8分4.3篮板1.6助攻0.9封盖，波什场均得到22.6分7.1篮板2.5助攻0.8封盖，考虑到双方的身价地位，这份成绩单还是可以接受的。那么，为何本次交手，阿联的出手次数会如此少呢？答案很简单——在第二节初期的那场斗殴中，约翰-沃尔因为不冷静在先，吃到二级恶意犯规被罚出场。而沃尔的离场也让阿联顿的进攻受到了阻碍。众所周知，阿联作为一名很有特点的大前锋，在进攻端的主要得分方式就是提到高位做掩护，随后拆到侧翼或者高位接回传球跳投。而正如华盛顿当地媒体所言，奇才阵中对挡拆理解最深刻的人就是阿联和沃尔；同时，也只有阿联才具备与沃尔等后卫做挡拆配合的技术资本，而奇才后卫线上，也只有沃尔是真正乐于传球、也能确保视野和传球质量的球员。从这个角度来看，作为得分需要依赖做球的大前锋，阿联对沃尔的依赖度还是相当大的。事实也是如此：沃尔虽然被罚下，但他在仅有的15分钟出场时间里就送出了5次助攻，而沃尔离场后，掌控球权的乔丹-克劳福德在此后三节时间里一共只送出3次助攻，奇才全队除沃尔外，10名球员一共只送出9次助攻，这种非理性的球权分配方式和低下的进攻效率，怎么可能让阿联得到正常的出手数呢？可以说，沃尔一人离场，不仅带走了本身的火力，而且还连带让阿联这杆枪也哑了火。赛后，阿联也坦言“沃尔不在是少了一些配合”、“自己的机会较多的来自于他(沃尔)”，也并不讳言“克劳福德不是打控卫的”。很明显，阿联也知道自己最适合与谁配合，可惜，比赛已经结束，时光不能倒流，或许在下一场比赛中，阿联能与沃尔擦出更耀眼的火花——毕竟在本场比赛的斗殴中，阿联积极保护了沃尔，这或许也会让两人的配合更加默契。(猜猜谁是真咕哒),体育,80,机会 配合 奇才 离场 进攻 送出 出场 出手 助攻 斗殴
辽宁春节假期加紧更换外援 前CBA得分王火线加盟新浪体育讯北京时间2月10日消息，据《半岛晨报》报道，辽宁队在春节假期经过努力终于完成了更换外援的计划，他们火线签下了曾经效力于东莞新世纪的安东尼-迈尔斯，替掉了“裁员风波”后拒绝归队的克里斯-理查德。目前，迈尔斯已经抵达辽宁，并与球队合练了三天，据助理教练接军透露，迈克尔将在年后第一轮对阵八一队的比赛中登场亮相。熟悉CBA的球迷对于迈尔斯并不陌生。2005-06赛季，安东尼-迈尔斯加盟东莞队，并在这里连续打了三个赛季，05-06赛季他场均可以砍下32.3分10.1个篮板1.6次助攻2.2次抢断，并最终得到了CBA得分王的称号。2006-07赛季他场均砍下32.0分10.9个篮板2.1次助攻1.4次抢断。2007-08赛季，迈尔斯表现略有下降，但仍然能场均贡献25.9分8.8个篮板2.0次助攻1.2次抢断。辽宁队此前一直想换掉克里斯，因为他场均只有12.7分9.8个篮板的表现实在令人难以满意，但苦于没有合适的人选，迟迟没有动手，在和迈尔斯取得了联系之后，辽宁队很快做出了更换外援的决定。迈尔斯有着非常不错的履历，他于1982年10月22日生于伊利诺伊州芝加哥，身高205公分，体重105公斤。2004年大学毕业后，安东尼-迈尔斯曾参加过纽约尼克斯的夏季训练营但未被看中。随后他去了西班牙联赛，2004-05赛季场均可得到10分9个篮板。在东莞队效力了三个赛季之后，迈尔斯转战希腊联赛，最近出战的12场比赛，迈尔斯场均出场20.6分钟可以贡献6.8分4.3个篮板，两分球命中率48.7%，三分球命中率38.7%，罚球命中率61.5%。目前，联赛21轮过后，辽宁队以9胜11负排名CBA积分榜第9位。此番更换外援，球队也将目标直指季后赛。据辽宁队高层介绍，迈尔斯身体素质出众、弹跳力强、技术全面，既能在篮下背身单打，又有一手精准的中远投功夫。此外，迈尔斯的篮下位置感不错，有一定的篮板能力，传球意识也很强，但防守能力是迈尔斯的弱点。(乳娃娃),体育,81,更换 外援 篮板 联赛 春节假期 效力 命中率 火线 抢断 得分王
海耶斯：我们还能赶上末班车 要好好利用主场比赛新浪体育讯北京时间3月31号(美国费城当地时间3月30号晚)消息， 火箭队最终在客场不敌费城76人队，三个客场只取得了一场胜利。和昨天更衣室里的欢声笑语不同，今天球员们都有些沉闷。特别是海耶斯，昨天他还乐呵呵的拿着洛瑞开涮呢。记者们提问的时候也都压低了声音，有些小心翼翼。海耶斯和教练一样，仍然对季后赛报有一线的希望。他慢慢的说道：“ 我想我们还有希望可以赶上末班车。接下来的赛程我们也不会轻易的放弃，我们有比较多的主场比赛，还有一次要去新奥尔良和明尼苏达打客场的比赛，所以还有7个主场那么多。哎，我觉得我们还是有机会的。” 一向乐观的海耶斯今天也是连连的叹气。“ 我们需要好好的利用我们的主场优势。”今天的失利也宣告了76人队本赛季对火箭队完成了横扫。火箭队在面对这支运动力出色的球队时总是打得很不得力。在被问到今天的输球是否和背靠背有关系时，海耶斯表示了否认。他说道：“ 我想我们就是没有办法防住对方的投篮。他们的突破，球的转移都很不错。在我们进攻的时候，76人也给我们造成了很大的麻烦。朱-霍利迪在外围就筑起了防线，伊戈达拉可以防守多个位置的球员，还有杨，布兰德等等，都把我们给限制住了。今天他们的胜利当之无愧，他们确实打得很出色。今天的失利使我们更加的远离季后赛，而76人队则更近了一步。”今晚的比赛，对手的板凳打得非常好，一共拿下43分，其中赛迪斯-杨尤为抢眼19投11中拿下22分。海耶斯摇了摇头说：“ 我们赛前其实做了很多的准备，我们想迫使杨多在外线投篮，但是他今天手太热了，而且杨的无球移动也做的非常出色。他们的后卫总是能突到内线，所以我们只能做各种补防，防线被冲得很散。所以杨就有了大量的机会。”正如海耶斯所说，球队在剩余的9场比赛中有7个主场，如果能够保住主场的胜利的话，季后赛或许还有一线生机。(休斯敦华夏时报 火山鸟),体育,82,人队 主场 火箭队 末班车 出色 防线 好好 胜利 失利 比赛
湖人一杆老枪撑起全队脊梁 唯一命门亦被三人击毙新浪体育讯驻洛杉矶记者段冉3月30日报道作为湖人全队的灵魂人物，尽管科比身上多处有伤，但他仍然能做到几乎场场砍下全队最高分。随着季后赛的临近，科比的状态肯定越来越好。湖人无论是争夺常规赛名次，还是争夺总冠军，科比都是最为关键的人物。而他的老搭档费舍尔虽然在上半个赛季找不到准星，但全明星周末后，“老鱼”也呈现出复苏的趋势。“真不知道人们还想让费舍尔打成什么样，”科比之前提到费舍尔时说，“他每年都是如此，你需要他提供的东西，他都能给你。这难道还不够吗？非让他变成罗斯或者韦斯特布鲁克？我跟你们说，我们还真不需要他俩，我们的系统就需要德里克(费舍尔)！”的确，如果说科比的状态会越来越好，费舍尔在以往季后赛的表现也已经向世人证明，他拥有在季后赛“变身”的能力。所以湖人这对后场搭档完全可以让人放心。至于阿泰，上赛季他已经证明了自己在关键比赛中的防守价值，而总决赛第七场的神勇发挥也让人们不用怀疑他的心脏足够大。对于湖人的外线来说，惟一的问题就是替补们的产出。在30日的训练后，湖人主帅杰克逊、助理教练克莱门斯以及替补席上的领军人物奥多姆都被问到了最近替补表现低迷的问题，三人都不约而同地表示：湖人的替补没问题。“只要他们把节奏稍微放慢一些，就没大问题了，”克莱门斯说，“有时他们一上场就有些心急，不自觉地就把节奏提得很快，其实完全没这种必要嘛。”“我同意，”禅师对自己助手的说法表示完全赞同，“其实我们对他们(替补)表现出的拼劲与活力一直都很满意，只是一些技术上的小环节再改进改进，他们就没问题了。”从外线的先发球员来说，马刺拥有吉诺比利与帕克，湖人在首发的比拼中略占上风。然而在外线替补的产出与稳定性上，湖人的“B字头杀手”(布朗，巴恩斯，布雷克)似乎比马刺的乔治·希尔与加里·尼尔略逊一筹。“把速度降下来，就没问题了，”奥多姆也表示对教练组观点的首肯，“我们会在之后的比赛里试着这么做的。”如果湖人的板凳打比赛的速度降下来，那湖人追逐马刺的步伐也许还真能越来越快。新浪体育讯驻洛杉矶记者段冉3月30日报道作为湖人全队的灵魂人物，尽管科比身上多处有伤，但他仍然能做到几乎场场砍下全队最高分。随着季后赛的临近，科比的状态肯定越来越好。湖人无论是争夺常规赛名次，还是争夺总冠军，科比都是最为关键的人物。而他的老搭档费舍尔虽然在上半个赛季找不到准星，但全明星周末后，“老鱼”也呈现出复苏的趋势。“真不知道人们还想让费舍尔打成什么样，”科比之前提到费舍尔时说，“他每年都是如此，你需要他提供的东西，他都能给你。这难道还不够吗？非让他变成罗斯或者韦斯特布鲁克？我跟你们说，我们还真不需要他俩，我们的系统就需要德里克(费舍尔)！”的确，如果说科比的状态会越来越好，费舍尔在以往季后赛的表现也已经向世人证明，他拥有在季后赛“变身”的能力。所以湖人这对后场搭档完全可以让人放心。至于阿泰，上赛季他已经证明了自己在关键比赛中的防守价值，而总决赛第七场的神勇发挥也让人们不用怀疑他的心脏足够大。对于湖人的外线来说，惟一的问题就是替补们的产出。在30日的训练后，湖人主帅杰克逊、助理教练克莱门斯以及替补席上的领军人物奥多姆都被问到了最近替补表现低迷的问题，三人都不约而同地表示：湖人的替补没问题。“只要他们把节奏稍微放慢一些，就没大问题了，”克莱门斯说，“有时他们一上场就有些心急，不自觉地就把节奏提得很快，其实完全没这种必要嘛。”“我同意，”禅师对自己助手的说法表示完全赞同，“其实我们对他们(替补)表现出的拼劲与活力一直都很满意，只是一些技术上的小环节再改进改进，他们就没问题了。”从外线的先发球员来说，马刺拥有吉诺比利与帕克，湖人在首发的比拼中略占上风。然而在外线替补的产出与稳定性上，湖人的“B字头杀手”(布朗，巴恩斯，布雷克)似乎比马刺的乔治·希尔与加里·尼尔略逊一筹。“把速度降下来，就没问题了，”奥多姆也表示对教练组观点的首肯，“我们会在之后的比赛里试着这么做的。”如果湖人的板凳打比赛的速度降下来，那湖人追逐马刺的步伐也许还真能越来越快。,体育,83,湖人 替补 外线 降下来 产出 争夺 人物 改进 全队 速度
湖人将帅异口同声点季后赛死敌：千万别碰这两支队新浪体育讯北京时间3月31日消息，洛杉矶湖人队在全明星周末后势不可挡，可这并不意味着他们的季后赛之旅也会一马平川。在可能的几个首轮季后赛对手中，湖人队最不愿意碰到谁呢？球员们的答案是波特兰开拓者队和孟菲斯灰熊队，名宿“魔术师”约翰逊则明确地表示是开拓者队。主帅菲尔-杰克逊仍然不愿去讨论这一话题，有四位球员在洛城记者们面前袒露心声，他们选择了开拓者队和灰熊队，而另有一人相信灰熊队将是最难缠的首轮对手。约翰逊更直白一些，他认为开拓者队能给湖人队带来最多的麻烦，原因就是“仇恨”。“他们不喜欢我们，我们也不喜欢他们，”约翰逊表示，“这将是一个非常激烈和艰难的系列赛，即便我们能够取胜，我们的整体实力更强。不过他们真的很清楚如何来对付我们，这是一支战术素养极高的球队。”53胜20负的湖人队看到了染指西部头号种子的希望，他们落后给马刺队三场半，而领先小牛队一场球。在西部下半区，掘金队、开拓者队、黄蜂队和灰熊队竞争激烈，他们的具体排名可能要到最后一刻才能揭晓。那么湖人队在面对两个最难缠对手时有何优劣势呢？开拓者队：常规赛交锋湖人队3-0领先。在主场湖人队连续七次击败开拓者队，更重要的是，他们终于在上赛季结束了做客玫瑰花园的九连败，2月24日也曾经过加时赛在客场击败过对手。湖人队应该有足够的信心在客场拿到胜利，再加上主场优势，湖人队晋级问题不大。本赛季主场两次击败开拓者队，湖人队用了不同的方式，第一是身高优势，保罗-加索尔、拉马尔-奥多姆和安德鲁-拜纳姆有明显优势，这让湖人队在篮板和二次进攻得分上都压制对手。湖人队还有科比-布莱恩特，他在与开拓者队的比赛中总有不俗表现。请不要忘了罗恩-阿泰斯特，他在11月8日对阵开拓者队时只让布兰顿-罗伊只得到8分。通过本赛季的比赛，阿泰已证明他面对开拓者队时是一个可靠因素，他在全明星周末后的表现也更稳定。为何要避开开拓者队：即便湖人队结束了在玫瑰花园的连败，仍有球员对在波特兰比赛感到不舒服。“当你在玫瑰花园打球时，情况总变得更困难。”这位球员说道，湖人队需要调整来限制住拉马库斯-阿尔德里奇，他们还要减少失误，另外常规赛对阵开拓者队时，罗伊要不缺阵，要不就是身体状况欠佳。开拓者队的阵容也发生改变，杰拉德-华莱士的到来增强了球队的防守和允许他们可以加快节奏。“他们有足够的高度去给我们制造麻烦，”杰克逊谈起开拓者队，“与其他球队交锋也会是一个好的系列赛，不过对阵波特兰或许是最困难的。”灰熊队：常规赛2-2。鲁迪-盖伊的因伤告别赛季是一个好消息，即便他们拥有扎克-兰多夫这样的球员，但湖人队的优势明显，奥多姆也有能力去限制住兰多夫，科比也很愿意与OJ-梅奥对位。对阵灰熊队的麻烦事：他们知道如何击败湖人队，他们的状态也相当好，梅奥适应了替补角色，麦克-康利在盖伊缺阵后发挥得作用越来越大。“因为他们变得更重视防守，他们真是一支能给你制造麻烦的球队。”一位球员谈起灰熊队。托尼-阿伦和肖恩-巴蒂尔在限制科比上都拥有很强的能力，本赛季两次击败湖人队时，灰熊队也都展现了他们的实力，因此与他们交锋不会轻松。(Melody)新浪体育讯北京时间3月31日消息，洛杉矶湖人队在全明星周末后势不可挡，可这并不意味着他们的季后赛之旅也会一马平川。在可能的几个首轮季后赛对手中，湖人队最不愿意碰到谁呢？球员们的答案是波特兰开拓者队和孟菲斯灰熊队，名宿“魔术师”约翰逊则明确地表示是开拓者队。主帅菲尔-杰克逊仍然不愿去讨论这一话题，有四位球员在洛城记者们面前袒露心声，他们选择了开拓者队和灰熊队，而另有一人相信灰熊队将是最难缠的首轮对手。约翰逊更直白一些，他认为开拓者队能给湖人队带来最多的麻烦，原因就是“仇恨”。“他们不喜欢我们，我们也不喜欢他们，”约翰逊表示，“这将是一个非常激烈和艰难的系列赛，即便我们能够取胜，我们的整体实力更强。不过他们真的很清楚如何来对付我们，这是一支战术素养极高的球队。”53胜20负的湖人队看到了染指西部头号种子的希望，他们落后给马刺队三场半，而领先小牛队一场球。在西部下半区，掘金队、开拓者队、黄蜂队和灰熊队竞争激烈，他们的具体排名可能要到最后一刻才能揭晓。那么湖人队在面对两个最难缠对手时有何优劣势呢？开拓者队：常规赛交锋湖人队3-0领先。在主场湖人队连续七次击败开拓者队，更重要的是，他们终于在上赛季结束了做客玫瑰花园的九连败，2月24日也曾经过加时赛在客场击败过对手。湖人队应该有足够的信心在客场拿到胜利，再加上主场优势，湖人队晋级问题不大。本赛季主场两次击败开拓者队，湖人队用了不同的方式，第一是身高优势，保罗-加索尔、拉马尔-奥多姆和安德鲁-拜纳姆有明显优势，这让湖人队在篮板和二次进攻得分上都压制对手。湖人队还有科比-布莱恩特，他在与开拓者队的比赛中总有不俗表现。请不要忘了罗恩-阿泰斯特，他在11月8日对阵开拓者队时只让布兰顿-罗伊只得到8分。通过本赛季的比赛，阿泰已证明他面对开拓者队时是一个可靠因素，他在全明星周末后的表现也更稳定。为何要避开开拓者队：即便湖人队结束了在玫瑰花园的连败，仍有球员对在波特兰比赛感到不舒服。“当你在玫瑰花园打球时，情况总变得更困难。”这位球员说道，湖人队需要调整来限制住拉马库斯-阿尔德里奇，他们还要减少失误，另外常规赛对阵开拓者队时，罗伊要不缺阵，要不就是身体状况欠佳。开拓者队的阵容也发生改变，杰拉德-华莱士的到来增强了球队的防守和允许他们可以加快节奏。“他们有足够的高度去给我们制造麻烦，”杰克逊谈起开拓者队，“与其他球队交锋也会是一个好的系列赛，不过对阵波特兰或许是最困难的。”灰熊队：常规赛2-2。鲁迪-盖伊的因伤告别赛季是一个好消息，即便他们拥有扎克-兰多夫这样的球员，但湖人队的优势明显，奥多姆也有能力去限制住兰多夫，科比也很愿意与OJ-梅奥对位。对阵灰熊队的麻烦事：他们知道如何击败湖人队，他们的状态也相当好，梅奥适应了替补角色，麦克-康利在盖伊缺阵后发挥得作用越来越大。“因为他们变得更重视防守，他们真是一支能给你制造麻烦的球队。”一位球员谈起灰熊队。托尼-阿伦和肖恩-巴蒂尔在限制科比上都拥有很强的能力，本赛季两次击败湖人队时，灰熊队也都展现了他们的实力，因此与他们交锋不会轻松。(Melody),体育,84,开拓者队 灰熊队 花园 玫瑰 击败 交锋 对阵 球员 系列赛 难缠
火箭克篮网76人克火箭 数据告诉你火箭打得多艰难新浪体育讯97-108，火箭似乎还是没能走出难胜76人的怪圈。上半场结束时，他们还以55-52领先对手3分，可是到了下半场风云突变，第三节过后，76人已经反超火箭2分，而第四节更是成为了火箭的梦魇，他们重蹈末节崩盘的覆辙，单节输给对手9分，最终以11分的劣势败北。平心而论，火箭这场比赛的进攻还是不错，全场得到了97分，虽然低于往日的平均水准，但并不算是发挥失常，他们的三分球命中率甚至还达到了44.4%，罚球也22罚21中，命中率高达95.5%，不过这只是总体数据，火箭时不时的进攻突然“断电”，是他们输掉这场关键比赛的一个主要原因。开场他们就一下子找不到感觉，2分16秒内1分未得，以0-9落后对手，虽然通过第一节后半段的追赶，把比分追上并反超，但是已经暴露了球队的隐患。第三节末，火箭又在2分20秒内一分未得，让对手打出一波7-0的小高潮，将比分反超。虽然火箭由帕特森打进一球，再度取得领先优势，但是好不容易稳定下来的军心，在第四节一开始又动摇了起来。1分49秒内，火箭又是毫无斩获，对手趁机将分差拉大到6分，而从那以后，火箭就再也没有将比分反超，眼瞅着时间一分一秒的过去，他们只能接受客场失利的残酷现实。进攻时不时“断电”只是一个原因，防守上的乏力也是造成这一惨败的重要因素。毕竟，如果在“断电”期间能够守住自己的防线，让对手一起得不到分数，火箭依然有胜利的希望，可是他们的防守往往顾此失彼，76人“全民皆兵”的战术特点在这一刻发挥得淋漓尽致。除了霍乐迪和杨，伊格达拉和布兰德，包括米克斯都时不时命中一两个中投，让火箭的防守漏洞百出。整场比赛，他们让对手的投篮命中率上升到54.1%，而且篮板球保护不力，输给对方3个，根据此前的统计，当火箭的篮板数不如对手时，他们的战绩是12胜26负，而一旦超过对手，战绩就会变成26胜8负。而另一项数据似乎也在第四节开始前预示着危险的临近。他们在三节比赛结束后比分落后于76人，对于并不是特别擅长打第四节比赛的火箭来说，这无疑是一个非常危险的信号。他们在前三节打完比分领先对手的前提下，能够取得31胜9负的高胜率，而三节过后若是比分落后，他们的胜率就会降低到7胜23负。(肥仔),体育,85,火箭 对手 比分 断电 时不时 反超 命中率 落后 胜率 数据
火箭失利季后赛希望渺茫 76人后劲十足保东部第六新浪体育讯北京时间3月31日，火箭客场以97-108不敌76人，进季后赛的难度越来越大。火箭(39-36)与西部第八的灰熊差距达到两场半，如果灰熊在此后的比赛中胜出，双方的差距将达到3场，火箭进季后赛的希望越来越渺茫。>>>火箭不敌76人，您如何评价他们的表现？凯尔-洛瑞拿下了19分3次助攻，凯文-马丁18分，蔡斯-巴丁格15分9个篮板，路易斯-斯科拉17分6个篮板。76人(39-36)最后一节发力，一蹴而就。两队战绩相同，但76人保持东部第六的位置，而火箭则难进季后赛。为了季后赛，火箭每一场都要全力去拼。近几年火箭对76人的战绩并不好，此前7次交手输了6次。本赛季首次交锋，洛瑞拿下生涯最高的36分，但火箭仍难逃一败。洛瑞今天仍有抢眼的表现，可惜火箭最后一节未能顶住。76人一开场就打出7-0，火箭在比赛打了近3分钟后只投中一球，不过斯科拉和巴丁格相继得手，火箭开始进入状态。76人以22-13扩大优势后，洛瑞在28秒内连续两记三分命中，火箭连得8分，将差距缩小。洛瑞本节投中3个三分球，火箭首节过后以33-31超出。第二节开始后不久，火箭以39-33领先。火箭还有扩大优势的良机，不过巴丁格两罚仅一中。米克斯突破后扣篮得手，76人连得4分后缩小差距。本节两队命中率都有所下降，双方也一直打得难解难分。本节最后3分37秒，火箭只由洛瑞投中一记压哨球，上半场以55-52领先。第三节还有4分29秒时，洛瑞第四次三分命中，火箭以76-70领先。洛瑞此后送出一记大帽，火箭有扩大优势的良机，但马丁三分不中。76人开始反攻，霍利迪连投带罚拿下3分，此后他又突破上篮得手，布兰德也中投得手后，76人以77-76反超。本节还有7.8秒时，威廉姆斯三分命中，76人以84-82领先。威廉姆斯在第四节一开始就投篮命中，赛迪斯-杨紧接着扣篮得手，76人以一波6-0的攻势一举拉开差距。比赛还有7分38秒时，火箭最后一次缩小差距，只以88-92落后，此后长达5分钟内，火箭只投中一球，76人打出一波10-2，在比赛还有2分33秒时以102-90扩大优势。火箭此后无力将差距缩小到9分以内。[技术统计][现场组图][比赛实录](吴哥),体育,86,火箭 差距 得手 投中 扩大 优势 缩小差距 良机 领先 命中
火箭黑色三分钟葬送好局 马丁终遇到能粘死他的人新浪体育讯北京时间3月31日，火箭客场挑战费城76人。fox转播了本场比赛，比尔-瓦瑞尔和克莱德-德雷克斯勒担任解说。CEO泰德-布朗也来到了费城，暂停时间他也加入了解说席，对火箭赞扬道：“他们打得很努力，在为季后赛的席位做最后努力。”火箭在第二节占据上风，镜头给到海耶斯的时候，德雷克斯勒表示，“海耶斯最近打得不错，他是休斯敦的英雄，我对他的进步感到由衷的开心。”凯尔-洛瑞为救一个球摔进了板凳席，在板凳席上看球身穿黑色西装的姚明也紧张地回过头，站起来看洛瑞是否没事。德雷克斯勒此时在赞扬洛瑞的拼劲的同时也为他担心：“他很拼，但是这时候有伤在身就不要这样做了，如果再受伤就不值得了。”伊格达拉对马丁防守成功，瓦瑞尔对小AI表扬到：“他是联盟最好的一对一防守者，我把他排进前三，”德雷克斯勒也赞同到：“我同意。”第四节开始，火箭有一段时间连续不得分，开局曾经仅仅命中了3个球，德雷克斯勒无奈地感慨：“火箭过去的三分钟就没一件事做对过。”最后火箭以97-108不敌对手，瓦瑞尔感慨：“这样很不妙，今晚灰熊主场打比赛。”输掉这场比赛，火箭离季后赛越来越远。(张海彦),体育,87,火箭 黑色 感慨 赞扬 板凳 不妙 西装 葬送 摔进 排进
热3人30+10后火箭又被数据辱 76人玩着创赛季新高新浪体育讯97比108，火箭客场不敌76人，霍勒迪拿下24分12助攻，这已经是他赛季第12次两双，更要命的是赛迪斯-杨的22分，这比火箭所有替补的得分之和还多2分。火箭连续两场比赛成为数据的背景板。上战热火，克里斯-波什，勒布朗-詹姆斯和德怀恩-韦德三人分别拿下30+10，做到了几十年不遇的事。今天76人首节轻轻松松就刷到12次助攻，这是费城人在本赛季单节助攻新高。火箭不是不努力，凯文-马丁投篮不进洛瑞拼抢篮板直接飞出了球场，小钢炮从火箭替补席上平着蹿过，重重的拍在观众席里，爬起来就往球场跑的洛瑞得到了家乡球迷由衷的掌声。他的确配得上这样的掌声，因为几秒后他与时间赛跑再次取胜，一条龙运球后0.4秒的抛射再次灯亮球进。小钢炮一溜烟跑回休息室，看起来哪像打背靠背的样子。不过多人打球的76人能排名东区第六也绝对不白给，火箭终于还是倒在了第四节。解说嘉宾德雷克斯勒说火箭第四节开场的3分钟一件正确的事也没做，滑翔机说的够狠，事实的确如此。尽管阿德尔曼咬着牙让洛瑞歇了三分钟，重返球场的钢炮还是无法再像上半场一样开火，面对实力派路易斯-威廉姆斯和霍勒迪的夹击，钢炮再难有炮弹射出。火箭没能缓过这口气，就此吞下败果。输给76人之后更郁闷的消息传来，上半场还能与灰熊紧咬的勇士也因为背靠背体力不支在第三节崩盘，扎克-兰多夫和托尼-阿伦不断扩大优势，最终灰熊大胜勇士。火箭与灰熊的差距拉大到3场，赛程方面火箭没有优势，也许用不了7场，火箭就已经理论上告别季后赛了。赛后阿帅谈到这点也不愿怎么多说：“我们的目标是回到主场先打赢马刺，其他的再说吧。”(田黄),体育,88,火箭 球场 新高 掌声 钢炮 勇士 助攻 优势 数据 打赢
热火vs奇才：阿联首发战龙王 三巨头亮相不容有失新浪体育讯北京时间3月31日，奇才将在主场迎战强大的热火。本场比赛，奇才主力大前锋安德雷-布莱切伤愈回归，但主帅桑德斯教练仍然派遣易建联继续担任首发一职。而热火方面则派出球队目前的最强阵容，三巨头携手亮相。在昨日热火输给东部鱼腩骑士之后，球队失去了升至东部第二的绝佳机会，今天对阵同样不堪一击的奇才，热火将士不容有失。以下为双方首发阵容——热火：迈克-毕比、德维恩-韦德、勒布朗-詹姆斯、克里斯-波什、埃里克-丹皮尔奇才：约翰-沃尔、乔丹-克劳福德、莫里斯-埃文斯、易建联、贾维尔-麦基(小林),体育,89,奇才 热火 有失 亮相 不容 首发 巨头 阵容 伤愈 将士
热火竟有8人进过NCAA四强 听他们回忆当年的故事新浪体育讯北京时间3月31日消息  今年的NCAA最终四强战即将在休斯顿拉开战幕，一批新的NBA球星即将诞生。反过来，现已成名的NBA球星又有着怎样的NCAA印记呢？下面这篇文章来说说热火球员的NCAA最终四强战的记忆。对眼下这支热火来说，他们对这项比赛可谓熟门熟路，据统计，热火全队15名球员一共有8名球员有过四强战的经历。在这8名球员中，有三位——出生于肯塔基的贾瓦尔-马格洛伊尔、亚利桑那的迈克-毕比和堪萨斯的马里奥-查尔默斯——都夺得了最后的冠军。正因为如此，差不多一个多月前，热火队内就掀起了一股疯狂三月的讨论热潮。先是有朱万-霍华德，随着ESPN纪录片《密歇根五虎》的热播，当年霍二叔两度率队打进NCAA决赛的历史被翻阅了出来；然后是勒布朗-詹姆斯，这位没有上大学的高中生状元郎在预测NCAA冠军时先是选了家乡球队俄亥俄州大，后来又把票给了杜克，只可惜两支球队均未能晋级最终四强；紧接着德维恩-韦德为了支持马奎特，穿了一件母校的T恤来热火球馆参加训练，实际上，整整八年前，闪电侠用一个三双帮助马奎特打进了最终四强。其他热火球员与NCAA的印记没有暴露在聚光灯下，但并不说明他们没有留下更好的故事。在2008年的冠军战中，查尔默斯在堪萨斯处于绝境的情况下打出神奇表现，最终帮助球队等上了巅峰。他在常规时间扳平比分的那记夺命三分是NCAA历史上的经典时刻，专享“马里奥奇迹”这一美誉。查尔默斯还是当年最终四强的MOP(最杰出球员)。现在想来，出生于北卡罗来纳州的查尔默斯说，半决赛胜北卡才是最值得纪念的比赛。“对堪萨斯的很多人来说，那场比赛都夹杂着私人恩怨，”查尔默斯说，私人恩怨指的是前堪萨斯主帅罗伊-威廉姆斯弃堪萨斯加盟其劲敌北卡，“对我来说，那场比赛也有很强的个人恩怨在里面。我从小就是个北卡球迷，小时候一直梦想去那打球，但威廉姆斯教练就是认为我不够好，他不愿意给我奖学金。后来，他们(北卡)签了鲍比-弗雷泽，而我只好选择与堪萨斯签约。所以我认为这场半决赛与后面的决赛比更重要，我们与孟菲斯没有恩怨，与他们的比赛就是争夺冠军，但与北卡，就是私人恩怨。”现役热火球员与最终四强最早发生交集的其实是埃里克-丹皮尔，当年他带领密西西比州大虽然半决赛输给锡拉丘兹，但那是他们学校首次晋级最终四强。“那年我们就是灰姑娘(喻指是最被低估的球队)，能走那么远震惊了很多人，”丹皮尔说，“那场比赛离现在已经过去十五六年，我目前也不再看大学篮球比赛，但只要我出现密西西比的大街上，每个人还是都会问我当年那支打进最终四强的球队的事情。”也就是丹皮尔率队打进最终四强后的第二年，还在读大一的毕比指挥他的亚利桑那一路杀进决赛并拿下冠军，他们击败的是经验丰富的肯塔基。干掉头号种子并拿下冠军，这是NCAA的头一遭。在那支肯塔基中，马尔洛伊尔也是菜鸟，第二年，他没让自己的球队再度爆冷出局。作为一个二年级生，马格洛伊尔在锦标赛阶段以场均71%的命中率和3个盖帽的惊人数据率队二度杀进冠军战，他们击败的是大名鼎鼎的杜克。有趣的是，热火队中的三位NCAA冠军——毕比、马格洛伊尔和查尔默斯，都把自己的冠军戒指交给了自己的母亲保管。有成功就必定有失败。2000年，迈克-米勒和乌杜尼斯-哈斯勒姆这对大学舍友领衔的佛罗里达在冠军争夺战中输给了密歇根州大。“输球是一种糟透了的感觉，”迈克-米勒说，“只有在比赛结束后，当你离开球馆，你才意识到你离创造历史有多么的近。人年纪越大，越难把这种情绪甩掉。”最遗憾的或许还是克里斯-波什，他在乔治亚理工待了一年未能带领校队取得显著成绩，连64强都没进，于是决定中止学业提前参加NBA选秀。没想到一年之后，龙王的母校一路杀进了最后的冠军战，到最后才败下阵来。“都过去七年了，现在还有很多人会跑过来怪我，我和朋友也开玩笑，他们都觉得，‘如果你留下来多打一年，我们肯定夺冠了’，”波什说。(新浪体育 黎双富 发自迈阿密),体育,90,冠军 恩怨 热火 私人 打进 半决赛 决赛 强战 球员 率队
现场：5个三分填平0比9大坑 小钢炮两连击只30秒新浪体育讯北京时间3月31日消息，火箭客场背靠背迎战76人。不知道是不是受背靠背的影响，火箭0比9开局。霍伊斯为76人首开纪录，紧接着米克斯左翼命中三分，霍利迪上篮得手，霍伊斯突破勾手再中2分。被打懵了的火箭，终于在第四个回合由斯科拉突破上篮打破了这个鸭蛋。海耶斯突破分球，巴丁格右翼跳投也中。斯科拉如法炮制，强攻篮下，再取2分。但在防守端，他们根本无力阻挡对手几乎完满的效率，6比15进入暂停。仍旧还是斯科拉，突破上篮，火箭其他人似乎都找不到篮筐在哪儿。米克斯上篮被巴丁格盖个正着，火箭拿下篮板，攻到前场，巴丁格命中三分。可是霍利迪很快的回敬一个。海耶斯突破后上反篮，霍伊斯也效仿着来了一个。洛瑞上一场的状态很快的到来，两个回合命中三分，连抢6分，帮助火箭将分差追到只剩3分。这俩三分只隔了30秒的时间。霍利迪的失误，球权重新交给火箭，4分03秒，巴丁格底线跳投命中，还差1分。霍利迪打三分，巴丁格的助攻，海耶斯上篮命中。巴丁格抢断霍利迪，2分18秒，马丁左翼命中三分，火箭26比25第一次取得领先。小李换下了斯科拉。1分52秒，洛瑞右侧底角再中三分。替补上场的诺西奥尼上篮之后，战成29平。帕特森接洛瑞的助攻罚球线跳投得手，76人反击，威廉姆斯45度角基地传球，伊戈达拉接球后转身，挤到篮下，面框双手暴扣。海耶斯两罚全中，火箭33比31领先2分结束第一节的比赛。洛瑞得到9分、2次助攻和1个篮板，巴丁格得到7分，斯科拉和海耶斯各得到6分、3次助攻和2个篮板，霍利迪得到10分，霍伊斯得到8分，伊戈达拉得到2分和6次助攻。(暖暖),体育,91,火箭 上篮 命中 助攻 跳投 回合 很快 得手 篮板 着来
魔鬼训练上海队长腿跑断 刘炜：客场很难打你懂的本报记者 黄靖宇就像刘炜春节期间在微薄上晒的那些悠闲的照片一样，由于年前一直在生病，利用过年的这段时间，队长选择在家休息过春节。“偶尔出门见见亲朋好友，假期很短，基本上一直在休息。”年初二，短暂的假期就结束了。上海男篮恢复训练的第一堂课就是体能训练。本周一之前，球队连续进行了三天的体能训练。“由于之前休息了几天，一开始上量，身体有点受不了。体能训练真的是魔鬼训练，腿都要跑断了。”刘炜说。周一上午，球队进行了最后一次体能训练。下午，球队进行了节后的第一次有球训练。主教练邓华德给球队安排了相对轻松的有球训练，运球、投篮、跑跑篮，主教练并没有给球队安排对抗训练。“虽然之前体能训练的量很大，队员们都很疲劳，但所有队员精神状态都很好，很积极，毕竟接下来我们的任务比较重啊。”刘炜说。谈到最近的训练，刘炜很自然地联系到了接下来的比赛。很显然，目前全队上下都深感季后赛的压力。年前最后一场比赛，主教练邓华德本赛季第一次公开谈及进入季后赛的概率，最近的训练中，他也经常以此激励队员。不管之前邓华德多么不愿意谈及这个话题，但目前全队都正视到了这个问题。“还是一场一场比赛去打。你也知道，客场比赛很难打。打广厦队，我们拼了。”刘炜表示全队上下将拿出与对手死磕的决心，打接下来的比赛。今天，上海队还将在梅陇基地进行一天的训练。下午5点，全队将坐大巴前往杭州，准备明晚的比赛。,体育,92,训练 体能训练 全队 队员 有球 谈及 队长 休息 魔鬼 安排
现场：麦基一帽接一帽捍卫禁区 波什韦德连遭羞辱新浪体育讯北京时间3月31日，奇才主场迎战热火。半场结束时，热火63-52领先奇才11分。第三节还剩8分25秒，波什篮下接到皮球，这次他聪明了很多，佯装出手，把麦基晃起，随后双手扣篮拿下两分。7分49秒，韦德再次杀到篮下，这一次封盖的换成了埃文斯，同样阻挡了韦德的出手。7分29秒，韦德再次杀到篮下，这一次终于没人再能阻挡他，闪电侠上篮得手。热火的进攻依然是由三巨头主导，其他两人只能成为场上的看客。5分20秒，波什找到空当中的韦德，助攻闪电侠3分命中。4分55秒，詹姆斯圈地持球，经过挡拆后，防守的人变成了布莱切，后者紧紧贴住詹姆斯，皇帝转身过来张有一投，裁判立刻哨响，慢镜头显示这个球布莱切手上没有任何动作，詹姆斯十足的骗了一个犯规，布莱切向裁判抱怨还被吹了一个技术犯规。皇帝稳稳的把三次罚球命中，热火79-68领先了11分之多。第三节比赛还剩1分43秒，詹姆斯-琼斯3分命中，这是第三节比赛热火第一次有三巨头之外的人得分，紧接着琼斯又是一个三分球命中，而埃文斯在最后3.9秒也为奇才命中一记三分，第三节结束时热火88-81领先奇才7分，第四节还有的一打。(carry),体育,93,热火 命中 奇才 杀到 阻挡 闪电侠 篮下 领先 皇帝 裁判
美媒评现役假摔之王 骑士影帝榜首火箭两人入前五新浪体育讯北京时间3月31日，如果调查NBA的假摔王，相信每个球迷心中都会有那么几个名字。近日，美国某著名篮球媒体针对所有现役球员，展开了一项匿名调查：谁是球场上的假摔王？最终有152名球员回答了这个问题。从结果来看，群众的眼睛还是雪亮的，那些公认的联盟“影帝们”纷纷上榜。不出意外的，骑士前锋安德森-瓦莱乔以22%的得票率当选假摔之王。马刺后卫马努-吉诺比利以18%的得票紧随其后。三至五名分别是，火箭前锋路易斯-斯科拉(7%)、湖人后卫德里克-费舍尔(6%)、火箭后卫凯文-马丁(5%)。值得关注的现象中，在获得提名的32名现役球员中，有12人都有在海外打球的经历。而最终评选出的前十名中，五人也曾征战海外。而球员们在评选“影帝”时，并不参考比赛中的一些数据。比如截止到上周日，创造了本赛季最多的55次进攻犯规的球员，太阳前锋格兰特-希尔，他得到0票。而排在进攻犯规榜2-4名的小牛后卫JJ-巴里亚、凯尔特人中锋格伦-戴维斯和爵士后卫德文-哈里斯分别只得到3%、1%和1%的选票。追溯联盟关于假摔的历史，比较公认的“鼻祖”人物，是弗兰克-拉姆奇。大家对这个名字或许比较陌生，因为年代比较久远了，他是凯尔特人上世纪50年代的球队第六人。而假摔这种“战术”正是从这位前辈开始的，后来被总结为：“他把手放在对手后背上往前推，对手想把他的手甩开，就会被吹进攻犯规；抢篮板时，对手只要轻轻碰他一下，他就向前栽倒，给裁判一种他被推倒的假象。”拉姆奇在60多年前就骗过了无数裁判的眼睛。如果说拉姆奇开创了假摔的历史，那么发扬光大的毫无疑问就是下面这位——比尔-兰比尔。在上世纪80年代的很多NBA球迷，都认为兰比尔的假摔前无古人后无来者。想象一下，兰比尔的身高是2.10米，体重118公斤，但他经常被身高只有1.90米左右的后卫撞倒，一般人可没这个本事。兰比尔除了自己有着辉煌的过去，还教出了一个好徒弟，大虫罗德曼。这个身高只有2米出头、体重不到100公斤的球员，能拿到两届最佳防守球员奖，6次入选最佳防守第一阵容，光靠干蓝领那些累活，恐怕是难以做到的。飞人迈克尔-乔丹曾这样评价罗德曼：“他太爱假摔了，只要对手一碰，他就倒。”(陈醉),体育,94,假摔 后卫 影帝 现役 球员 公认 世纪 评选 眼睛 身高
詹姆斯谈冲突：赛前就预料到 我们得保护自己兄弟新浪体育讯北京时间3月31日消息  昨天刚刚爆冷输给东部倒数第一的骑士，今天背靠背面对东部倒数第二的奇才，谁也没想到热火竟然会打得这么艰难，而且还是在对手主力控卫约翰-沃尔被罚出场的情况下。万幸的是，热火最后以123比107拿下奇才，避免了连败。虽然球队赢球，自己也贡献了33分和9次助攻，但德维恩-韦德在场边接受采访时脸上一直面无表情，根本看不出一丝轻松的神色。“教练(斯帅)工作很出色，他帮助我们前进，”韦德说，“我们甚至都没去看上一场比赛的录像，他告诉我们忘掉它往前看，这对球队的斗志帮助很大。”比比赛更吸引眼球的还是那次冲突。当时第二节还剩8分48秒，热火前场阵地进攻，大Z提到高位策应，此时奇才换防轮转到沃尔来对位大Z。沃尔十分积极，上蹿下跳想断掉大Z高举在手中的球，但后者毕竟身高2.21米，经验又丰富，只见大Z立起肘子左右摇晃护球，期间有一次碰到了状元郎的脖子。沃尔可能认为大Z这个动作有欺人之意，突然火气爆发，用胳膊肘狠狠击打了大Z的肋部，大Z一下就急了，但没有动手，两人脸贴到一起理论。这时两人的队友都不冷静，贾维尔-麦基跑过来似乎要打架，而热火队中向来仗义的朱万-霍华德肯定不愿意看到大Z被人欺负，他立刻过来使劲一把将麦基推开。场上顿时混乱起来，幸好裁判及时制止双方，而其他球员相对比较冷静，都是来拉架的，包括易建联，他很冷静地分开了麦基和大Z。裁判在观看录像回放后判罚沃尔和大Z各一个二级恶意犯规，直接罚出场，霍二叔吃到2次技术犯规，同样被罚出场，而麦基仅吃了一个技术犯规。赛后，勒布朗-詹姆斯谈到冲突时还有些义愤填膺。“这场比赛身体对抗很激烈，这点我们一开始就有想到，”詹姆斯说，“但我也知道，这(激烈对抗和恶意犯规)中间就一线之隔，所以最重要的是一开始就保护你的兄弟。不管比赛打成什么样，我们得保护自己的兄弟。”继上一场的三双之后，詹姆斯再次贡献了35分、8个篮板、8次助攻和5次抢断的全面数据。“我们仍想打出高水平的比赛，上一场我们退了两步，这一场前进了一步，”詹姆斯说，“我们还有很多习惯需要改进，希望我们能在这最后几场比赛中不断变强。”打完两个背靠背，热火的四连客征程过去了一半。休整一天之后，他们将开赴明尼苏达。斯帅赛后开玩笑似地说：“我们还有一场重头戏，周五晚上(当地时间)。”重头戏？周五的对手是谁？西部倒数第一的森林狼，热火还会打得这么艰难么？拭目以待。(新浪体育 黎双富)新浪体育讯北京时间3月31日消息  昨天刚刚爆冷输给东部倒数第一的骑士，今天背靠背面对东部倒数第二的奇才，谁也没想到热火竟然会打得这么艰难，而且还是在对手主力控卫约翰-沃尔被罚出场的情况下。万幸的是，热火最后以123比107拿下奇才，避免了连败。虽然球队赢球，自己也贡献了33分和9次助攻，但德维恩-韦德在场边接受采访时脸上一直面无表情，根本看不出一丝轻松的神色。“教练(斯帅)工作很出色，他帮助我们前进，”韦德说，“我们甚至都没去看上一场比赛的录像，他告诉我们忘掉它往前看，这对球队的斗志帮助很大。”比比赛更吸引眼球的还是那次冲突。当时第二节还剩8分48秒，热火前场阵地进攻，大Z提到高位策应，此时奇才换防轮转到沃尔来对位大Z。沃尔十分积极，上蹿下跳想断掉大Z高举在手中的球，但后者毕竟身高2.21米，经验又丰富，只见大Z立起肘子左右摇晃护球，期间有一次碰到了状元郎的脖子。沃尔可能认为大Z这个动作有欺人之意，突然火气爆发，用胳膊肘狠狠击打了大Z的肋部，大Z一下就急了，但没有动手，两人脸贴到一起理论。这时两人的队友都不冷静，贾维尔-麦基跑过来似乎要打架，而热火队中向来仗义的朱万-霍华德肯定不愿意看到大Z被人欺负，他立刻过来使劲一把将麦基推开。场上顿时混乱起来，幸好裁判及时制止双方，而其他球员相对比较冷静，都是来拉架的，包括易建联，他很冷静地分开了麦基和大Z。裁判在观看录像回放后判罚沃尔和大Z各一个二级恶意犯规，直接罚出场，霍二叔吃到2次技术犯规，同样被罚出场，而麦基仅吃了一个技术犯规。赛后，勒布朗-詹姆斯谈到冲突时还有些义愤填膺。“这场比赛身体对抗很激烈，这点我们一开始就有想到，”詹姆斯说，“但我也知道，这(激烈对抗和恶意犯规)中间就一线之隔，所以最重要的是一开始就保护你的兄弟。不管比赛打成什么样，我们得保护自己的兄弟。”继上一场的三双之后，詹姆斯再次贡献了35分、8个篮板、8次助攻和5次抢断的全面数据。“我们仍想打出高水平的比赛，上一场我们退了两步，这一场前进了一步，”詹姆斯说，“我们还有很多习惯需要改进，希望我们能在这最后几场比赛中不断变强。”打完两个背靠背，热火的四连客征程过去了一半。休整一天之后，他们将开赴明尼苏达。斯帅赛后开玩笑似地说：“我们还有一场重头戏，周五晚上(当地时间)。”重头戏？周五的对手是谁？西部倒数第一的森林狼，热火还会打得这么艰难么？拭目以待。(新浪体育 黎双富),体育,95,兄弟 倒数 冷静 冲突 热火 重头戏 恶意 技术犯规 录像 保护
谁说德里克准状元板上钉钉？ 杜克妖卫新保罗不服新浪体育讯随着卫冕冠军杜克的出局，人们开始关心一个问题：他们的天才控卫凯利-欧文究竟会不会参加2011年的选秀？虽然基本锁定了前5，甚至有希望冲击状元，但是今天欧文却表示自己想继续留在杜克。“我还不想脱下杜克的球衣。”赛后欧文如是说。前5顺位的诱惑固然很大，但欧文的想法也是合情合理的。一方面NBA面临着劳资谈判的问题，这个时候进入联盟有点前途未卜的感觉；另一方面欧文本赛季受伤报销了一大半，再打一个赛季可以进一步证明自己的能力，并且从师于老K教练的收获必定不小。明年杜克将会拥有全美头号新生，凯尔特人主帅里弗斯的儿子奥斯汀-里弗斯，还有也许是2012届新生中最好纯控卫，被低估了的奎因-库克，如果欧文留下，再加上不断进步的道金斯和神射手科里，杜克将会拥有豪华到令人发指的超级后场。倘若普拉姆利兄弟俩留下，球队又招入了他们家的第三代产品大中锋马绍尔-普拉姆利，内线深度也能有所提升。如此的杜克绝对会成为冲击全国冠军的大热门，而一个NCAA冠军的奖杯，对于大多数年轻人来说都是一种莫大的荣誉。但是，如果不参选的话欧文也许会觉得有些许遗憾。今年的新秀水平普遍比较差，在这个时候参选可以捞到一个比较好的顺位，而且虽然报销了接近4个月，但欧文出战的场次表现都十分不错，不仅自己攻击能力得到了充分体现，还有效地串联起了球队整体。失去他以后杜克进攻端强烈依赖单打的尴尬场景更是反衬了欧文的实力和重要性。加上锦标赛火线复出的他几场球都表现十分高效，在球队出现问题时能站出来得分，可以说他的能力已经得到了充分证明，而且今年选秀有可能会是行情最好的时候。究竟是趁热打铁，还是留下来追求荣誉和更大的进步？摆在欧文面前的是一个两难的抉择。(silencer),体育,96,欧文 参选 新生 顺位 留下 选秀 状元 报销 冲击 控卫
调查-您如何评价热火三巨头力砍94分客场胜奇才？新浪体育讯北京时间3月31日，迈阿密热火客场123-107击败华盛顿奇才。詹姆斯贡献35分8篮板8助攻5抢断，韦德33分9助攻，波什26分8篮板。双方还一度出现斗殴，3人被驱逐出场。您如何评价这场比赛？ ,体育,97,评价 奇才 驱逐 斗殴 调查 热火 助攻 客场 篮板 巨头
阿帅：打76人要扭转不利局势 马丁需要努力砍高分新浪体育讯北京时间3月31日，火箭客场挑战费城76人。赛前，阿德尔曼接受了采访，表示希望能击败76人扭转局势。自2007年12月以来，火箭与76人的交手纪录是1胜6负，76人长久扮演着火箭克星的角色，对于这一点，阿帅认为，“我们之前没有打出好的比赛，而他们打的很好，特别是在背靠背的比赛，我们没有打出应该有的能量，希望我们在今晚能够转变形势。”谈到火箭头号得分手凯文-马丁的表现，阿德尔曼表示：“他需要打出自己的比赛，他也许需要打得更努力来获得空当出手的机会，更好的利用他的技巧。我认为当我们打出上乘的防守得时候，他会有很好的机会得分。”马丁目前连续8场比赛得到20+，这是他第二次做到这一点，在马丁得分朝过20分的时候，火箭是32胜19负。今晚也是费城人凯尔-洛瑞回家的比赛，他最近的比赛比赛季初进步了不少，他的表现出色与否也会对比赛影响很大。2011年2月16的比赛中，洛瑞在面对76人的时候得到了职业生涯最高分36分，他能否延续精彩的表现，还需要拭目以待。火箭在全明星周末之后打出了13胜4负的成绩，其中8场比赛赢对手15分以上。此外，在过去11场客场比赛中，火箭取得了8场胜利。(张海彦),体育,98,火箭 比赛 很好 扭转局势 高分 克星 扮演着 上乘 机会 形势
阿联谈冲突：篮球是对抗的运动 有点小动作很正常新浪体育讯北京时间3月31日(华盛顿时间30日)主场迎战刚刚输给骑士的热火，即使季后赛无望的奇才队仍然希望赢下对手。但是最终奇才仍以107比123输给了对手。中国球员易建联上场19分58秒，只拿到了2个篮板，没有得分，另外伴随着5次犯规。将近20分钟的上场时间，却只抢到连个篮板，阿联坦言自己并非客场连续征战而身体疲劳，他承认这场比赛他在场上的精神有些不够集中，也并不主动。而只有3次出手机会的他，也承认沃尔因为打架而被驱逐出场，对自己多多少少有些影响。“他不在是少了很多配合，自己比较多的机会都是来自于他。”记者：今天沃尔大部分时间都不在场上，对于球队到底有何影响？易建联：缺了一个控卫，克劳福德不是打控卫的，整体上面我们还是拼的不错的，比分也咬的挺紧，后面他们也进了几个三分，但是热火的关键球拉开了距离吧。记者：今天第三节的时候主教练在场边跟你喊话，他当时在跟你说什么？易建联：当时本身是要我过去夹击的，但是主教练认为我的时间点有点早了，应该晚一点再过去。记者：今天出手只有3次，是不是因为沃尔不在场上？易建联：不是，是因为今天几个机会没有把握好，几个球，我觉得打的不够主动，场上自己也出了很多问题，明天好好看录像，准备下一场。他不在是少了一些和他的配合，可能自己比较多的机会来自于他吧。记者：自己是不是有点累了，因为客场漫漫旅程，比赛又多？易建联：不是，是今天自己的注意力没有做的太好，总是有这种情况，需要自己好好总结一下，看录像。记者：当时打架的时候，场上到底发生了什么？易建联：我也没看到，就看到他们揪在一起，所以过去把他们拉开。对抗运动肯定有一些小动作。记者：今天为什么大家在场上有一些火气？易建联：大家都打的很坚决，都很努力，都是想赢。(华盛顿特派记者 沈洋 前方报道),体育,99,记者 小动作 机会 承认 打架 录像 配合 拉开 对抗 大家
